2020-11-08T22:40:50.446941+00:00,app[web.1]:,AB_TESTING:,B,1604875249798,0,0,nyelrxgbcg
2020-11-08T22:46:57.083630+00:00,app[web.1]:,AB_TESTING:,B,1604875249798,1604875615829,mp2,nyelrxgbcg
2020-11-08T22:46:57.402673+00:00,app[web.1]:,AB_TESTING:,B,1604875249798,1604875617268,mp2,nyelrxgbcg
2020-11-08T22:46:57.704305+00:00,app[web.1]:,AB_TESTING:,B,1604875249798,1604875617569,mp2,nyelrxgbcg
2020-11-08T22:46:58.012818+00:00,app[web.1]:,AB_TESTING:,B,1604875249798,1604875617878,mp2,nyelrxgbcg
2020-11-08T22:46:58.332348+00:00,app[web.1]:,AB_TESTING:,B,1604875249798,1604875618188,mp3,nyelrxgbcg
2020-11-08T22:46:58.838623+00:00,app[web.1]:,AB_TESTING:,B,1604875249798,1604875618695,mp3,nyelrxgbcg
2020-11-08T22:47:01.811466+00:00,app[web.1]:,AB_TESTING:,C,1604875621671,0,0,nyelrxgbcg
2020-11-08T22:47:04.548672+00:00,app[web.1]:,AB_TESTING:,B,1604875624395,0,0,nyelrxgbcg
2020-11-08T22:47:05.843613+00:00,app[web.1]:,AB_TESTING:,B,1604875624395,1604875625702,mp1,nyelrxgbcg
2020-11-08T22:47:06.153028+00:00,app[web.1]:,AB_TESTING:,B,1604875624395,1604875626018,mp1,nyelrxgbcg
2020-11-08T22:47:06.468917+00:00,app[web.1]:,AB_TESTING:,B,1604875624395,1604875626327,mp1,nyelrxgbcg
2020-11-08T22:47:07.204697+00:00,app[web.1]:,AB_TESTING:,B,1604875624395,1604875627063,mp4,nyelrxgbcg
2020-11-08T22:47:07.476612+00:00,app[web.1]:,AB_TESTING:,B,1604875624395,1604875627337,mp4,nyelrxgbcg
2020-11-08T22:47:07.764916+00:00,app[web.1]:,AB_TESTING:,B,1604875624395,1604875627629,mp4,nyelrxgbcg
2020-11-08T22:47:11.802301+00:00,app[web.1]:,AB_TESTING:,C,1604875631617,0,0,nyelrxgbcg
2020-11-08T22:51:21.088654+00:00,app[web.1]:,AB_TESTING:,A,1604875880941,0,0,nyelrxgbcg
2020-11-08T22:51:32.796548+00:00,app[web.1]:,AB_TESTING:,A,1604875880941,1604875892630,mp2,nyelrxgbcg
2020-11-08T22:51:33.120396+00:00,app[web.1]:,AB_TESTING:,A,1604875880941,1604875892976,mp2,nyelrxgbcg
2020-11-08T22:51:33.391651+00:00,app[web.1]:,AB_TESTING:,A,1604875880941,1604875893255,mp2,nyelrxgbcg
2020-11-08T22:51:33.660024+00:00,app[web.1]:,AB_TESTING:,A,1604875880941,1604875893522,mp2,nyelrxgbcg
2020-11-08T22:51:34.439514+00:00,app[web.1]:,AB_TESTING:,A,1604875880941,1604875894295,mp4,nyelrxgbcg
2020-11-08T22:51:34.710179+00:00,app[web.1]:,AB_TESTING:,A,1604875880941,1604875894573,mp4,nyelrxgbcg
2020-11-08T22:51:34.987335+00:00,app[web.1]:,AB_TESTING:,A,1604875880941,1604875894841,mp4,nyelrxgbcg
2020-11-08T22:51:35.268464+00:00,app[web.1]:,AB_TESTING:,A,1604875880941,1604875895118,mp4,nyelrxgbcg
2020-11-08T22:51:35.562086+00:00,app[web.1]:,AB_TESTING:,A,1604875880941,1604875895399,mp4,nyelrxgbcg
2020-11-08T22:51:35.845367+00:00,app[web.1]:,AB_TESTING:,A,1604875880941,1604875895709,mp4,nyelrxgbcg
2020-11-08T22:51:37.414256+00:00,app[web.1]:,AB_TESTING:,C,1604875897269,0,0,nyelrxgbcg
2020-11-08T22:51:39.476533+00:00,app[web.1]:,AB_TESTING:,A,1604875899308,0,0,nyelrxgbcg
2020-11-08T22:59:19.884504+00:00,app[web.1]:,AB_TESTING:,B,1604876359733,0,0,nyelrxgbcg
2020-11-08T22:59:21.596356+00:00,app[web.1]:,AB_TESTING:,B,1604876359733,1604876361446,mp1,nyelrxgbcg
2020-11-08T22:59:22.396616+00:00,app[web.1]:,AB_TESTING:,B,1604876359733,1604876362245,mp1,nyelrxgbcg
2020-11-08T22:59:22.676032+00:00,app[web.1]:,AB_TESTING:,B,1604876359733,1604876362529,mp1,nyelrxgbcg
2020-11-08T22:59:23.283657+00:00,app[web.1]:,AB_TESTING:,B,1604876359733,1604876363130,mp4,nyelrxgbcg
2020-11-08T22:59:23.563568+00:00,app[web.1]:,AB_TESTING:,B,1604876359733,1604876363413,mp4,nyelrxgbcg
2020-11-08T22:59:23.928589+00:00,app[web.1]:,AB_TESTING:,B,1604876359733,1604876363773,mp4,nyelrxgbcg
2020-11-08T22:59:24.208627+00:00,app[web.1]:,AB_TESTING:,B,1604876359733,1604876364063,mp4,nyelrxgbcg
2020-11-08T22:59:24.734886+00:00,app[web.1]:,AB_TESTING:,B,1604876359733,1604876364577,mp4,nyelrxgbcg
2020-11-08T22:59:26.784483+00:00,app[web.1]:,AB_TESTING:,C,1604876366634,0,0,nyelrxgbcg
2020-11-08T22:59:29.220594+00:00,app[web.1]:,AB_TESTING:,B,1604876369040,0,0,nyelrxgbcg
2020-11-08T23:12:54.504441+00:00,app[web.1]:,AB_TESTING:,B,1604877174337,0,0,nyelrxgbcg
2020-11-08T23:16:28.588603+00:00,app[web.1]:,AB_TESTING:,B,1604877387018,0,0,hpbogolxq
2020-11-08T23:17:10.533440+00:00,app[web.1]:,AB_TESTING:,A,1604877429564,0,0,hpbogolxq
2020-11-08T23:17:27.228887+00:00,app[web.1]:,AB_TESTING:,A,1604877447065,0,0,nyelrxgbcg
2020-11-08T23:17:47.712224+00:00,app[web.1]:,AB_TESTING:,A,1604877429564,1604877466897,mp1,hpbogolxq
2020-11-08T23:18:00.690788+00:00,app[web.1]:,AB_TESTING:,A,1604877429564,1604877479585,mp2,hpbogolxq
2020-11-08T23:18:04.116663+00:00,app[web.1]:,AB_TESTING:,A,1604877429564,1604877483359,mp4,hpbogolxq
2020-11-08T23:18:05.635510+00:00,app[web.1]:,AB_TESTING:,A,1604877429564,1604877485457,mp3,hpbogolxq
2020-11-08T23:18:10.209317+00:00,app[web.1]:,AB_TESTING:,A,1604877429564,1604877489072,mp1,hpbogolxq
2020-11-08T23:18:13.784981+00:00,app[web.1]:,AB_TESTING:,A,1604877429564,1604877493034,mp4,hpbogolxq
2020-11-08T23:18:15.592112+00:00,app[web.1]:,AB_TESTING:,C,1604877495426,0,0,hpbogolxq
2020-11-08T23:18:20.119164+00:00,app[web.1]:,AB_TESTING:,A,1604877499368,0,0,hpbogolxq
2020-11-08T23:18:23.647011+00:00,app[web.1]:,AB_TESTING:,A,1604877499368,1604877502540,mp1,hpbogolxq
2020-11-08T23:18:32.589810+00:00,app[web.1]:,AB_TESTING:,A,1604877499368,1604877511779,mp2,hpbogolxq
2020-11-08T23:18:35.481315+00:00,app[web.1]:,AB_TESTING:,C,1604877515319,0,0,hpbogolxq
2020-11-08T23:19:50.081667+00:00,app[web.1]:,AB_TESTING:,A,1604877589930,0,0,nyelrxgbcg
2020-11-08T23:19:52.689676+00:00,app[web.1]:,AB_TESTING:,A,1604877591666,0,0,hkvsughf
2020-11-08T23:19:54.872256+00:00,app[web.1]:,AB_TESTING:,A,1604877591666,1604877594710,mp1,hkvsughf
2020-11-08T23:19:55.694733+00:00,app[web.1]:,AB_TESTING:,A,1604877591666,1604877595541,mp2,hkvsughf
2020-11-08T23:19:57.436319+00:00,app[web.1]:,AB_TESTING:,A,1604877591666,1604877597269,mp3,hkvsughf
2020-11-08T23:19:59.396559+00:00,app[web.1]:,AB_TESTING:,A,1604877591666,1604877599232,mp4,hkvsughf
2020-11-08T23:20:01.020393+00:00,app[web.1]:,AB_TESTING:,A,1604877600032,0,0,uaacmqma
2020-11-08T23:20:01.818119+00:00,app[web.1]:,AB_TESTING:,A,1604877591666,1604877601663,mp4,hkvsughf
2020-11-08T23:20:04.571671+00:00,app[web.1]:,AB_TESTING:,A,1604877591666,1604877604413,mp2,hkvsughf
2020-11-08T23:20:07.060268+00:00,app[web.1]:,AB_TESTING:,A,1604877591666,1604877606899,mp1,hkvsughf
2020-11-08T23:20:07.906584+00:00,app[web.1]:,AB_TESTING:,A,1604877591666,1604877607750,mp1,hkvsughf
2020-11-08T23:20:10.220637+00:00,app[web.1]:,AB_TESTING:,A,1604877591666,1604877610055,mp2,hkvsughf
2020-11-08T23:20:14.602935+00:00,app[web.1]:,AB_TESTING:,A,1604877614443,0,0,uaacmqma
2020-11-08T23:20:14.735838+00:00,app[web.1]:,AB_TESTING:,A,1604877591666,1604877614575,mp3,hkvsughf
2020-11-08T23:20:15.100680+00:00,app[web.1]:,AB_TESTING:,A,1604877591666,1604877614944,mp3,hkvsughf
2020-11-08T23:20:16.017627+00:00,app[web.1]:,AB_TESTING:,A,1604877591666,1604877615857,mp3,hkvsughf
2020-11-08T23:20:16.994184+00:00,app[web.1]:,AB_TESTING:,A,1604877591666,1604877616834,mp3,hkvsughf
2020-11-08T23:20:17.627870+00:00,app[web.1]:,AB_TESTING:,A,1604877614443,1604877617480,mp4,uaacmqma
2020-11-08T23:20:20.445071+00:00,app[web.1]:,AB_TESTING:,C,1604877620295,0,0,hkvsughf
2020-11-08T23:20:20.992545+00:00,app[web.1]:,AB_TESTING:,A,1604877614443,1604877620833,mp4,uaacmqma
2020-11-08T23:20:23.519089+00:00,app[web.1]:,AB_TESTING:,A,1604877623368,0,0,hkvsughf
2020-11-08T23:20:25.096378+00:00,app[web.1]:,AB_TESTING:,A,1604877623368,1604877624940,mp1,hkvsughf
2020-11-08T23:20:31.876567+00:00,app[web.1]:,AB_TESTING:,A,1604877614443,1604877631718,mp4,uaacmqma
2020-11-08T23:20:39.728587+00:00,app[web.1]:,AB_TESTING:,A,1604877639568,0,0,uaacmqma
2020-11-08T23:20:40.775103+00:00,app[web.1]:,AB_TESTING:,A,1604877640608,0,0,hkvsughf
2020-11-08T23:20:42.128712+00:00,app[web.1]:,AB_TESTING:,A,1604877640608,1604877641974,mp1,hkvsughf
2020-11-08T23:20:42.436906+00:00,app[web.1]:,AB_TESTING:,A,1604877640608,1604877642286,mp1,hkvsughf
2020-11-08T23:20:42.752608+00:00,app[web.1]:,AB_TESTING:,A,1604877640608,1604877642600,mp1,hkvsughf
2020-11-08T23:20:43.562341+00:00,app[web.1]:,AB_TESTING:,A,1604877640608,1604877643385,mp1,hkvsughf
2020-11-08T23:20:44.971383+00:00,app[web.1]:,AB_TESTING:,A,1604877640608,1604877644788,mp2,hkvsughf
2020-11-08T23:20:47.209843+00:00,app[web.1]:,AB_TESTING:,A,1604877640608,1604877647051,mp4,hkvsughf
2020-11-08T23:20:47.892944+00:00,app[web.1]:,AB_TESTING:,A,1604877640608,1604877647735,mp4,hkvsughf
2020-11-08T23:20:48.497013+00:00,app[web.1]:,AB_TESTING:,A,1604877640608,1604877648338,mp4,hkvsughf
2020-11-08T23:20:50.720359+00:00,app[web.1]:,AB_TESTING:,A,1604877640608,1604877650243,mp4,hkvsughf
2020-11-08T23:20:52.447655+00:00,app[web.1]:,AB_TESTING:,A,1604877639568,1604877652295,mp4,uaacmqma
2020-11-08T23:20:53.338933+00:00,app[web.1]:,AB_TESTING:,A,1604877639568,1604877653184,mp4,uaacmqma
2020-11-08T23:20:53.620942+00:00,app[web.1]:,AB_TESTING:,C,1604877653473,0,0,hkvsughf
2020-11-08T23:20:54.316419+00:00,app[web.1]:,AB_TESTING:,A,1604877639568,1604877654157,mp4,uaacmqma
2020-11-08T23:20:55.874975+00:00,app[web.1]:,AB_TESTING:,A,1604877639568,1604877655724,mp4,uaacmqma
2020-11-08T23:21:01.911945+00:00,app[web.1]:,AB_TESTING:,A,1604877639568,1604877661759,mp1,uaacmqma
2020-11-08T23:21:02.458292+00:00,app[web.1]:,AB_TESTING:,B,1604877662313,0,0,hkvsughf
2020-11-08T23:21:03.427652+00:00,app[web.1]:,AB_TESTING:,B,1604877662313,1604877663275,mp1,hkvsughf
2020-11-08T23:21:04.672623+00:00,app[web.1]:,AB_TESTING:,B,1604877662313,1604877664512,mp1,hkvsughf
2020-11-08T23:21:05.045291+00:00,app[web.1]:,AB_TESTING:,B,1604877662313,1604877664897,mp1,hkvsughf
2020-11-08T23:21:05.489586+00:00,app[web.1]:,AB_TESTING:,B,1604877662313,1604877665325,mp1,hkvsughf
2020-11-08T23:21:05.512670+00:00,app[web.1]:,AB_TESTING:,A,1604877665485,0,0,tfecztr
2020-11-08T23:21:05.564667+00:00,app[web.1]:,AB_TESTING:,C,1604877665413,0,0,uaacmqma
2020-11-08T23:21:05.978393+00:00,app[web.1]:,AB_TESTING:,B,1604877662313,1604877665827,mp1,hkvsughf
2020-11-08T23:21:06.324398+00:00,app[web.1]:,AB_TESTING:,B,1604877662313,1604877666174,mp1,hkvsughf
2020-11-08T23:21:06.695053+00:00,app[web.1]:,AB_TESTING:,B,1604877662313,1604877666548,mp1,hkvsughf
2020-11-08T23:21:07.133643+00:00,app[web.1]:,AB_TESTING:,B,1604877662313,1604877666980,mp1,hkvsughf
2020-11-08T23:21:08.152718+00:00,app[web.1]:,AB_TESTING:,B,1604877662313,1604877667996,mp1,hkvsughf
2020-11-08T23:21:08.687584+00:00,app[web.1]:,AB_TESTING:,B,1604877662313,1604877668536,mp1,hkvsughf
2020-11-08T23:21:12.461393+00:00,app[web.1]:,AB_TESTING:,B,1604877662313,1604877672309,mp4,hkvsughf
2020-11-08T23:21:14.296370+00:00,app[web.1]:,AB_TESTING:,B,1604877662313,1604877674142,mp2,hkvsughf
2020-11-08T23:21:15.216996+00:00,app[web.1]:,AB_TESTING:,B,1604877662313,1604877675055,mp2,hkvsughf
2020-11-08T23:21:15.276496+00:00,app[web.1]:,AB_TESTING:,A,1604877675124,0,0,uaacmqma
2020-11-08T23:21:15.504371+00:00,app[web.1]:,AB_TESTING:,A,1604877665485,1604877675477,mp4,tfecztr
2020-11-08T23:21:16.236548+00:00,app[web.1]:,AB_TESTING:,A,1604877665485,1604877676207,mp4,tfecztr
2020-11-08T23:21:16.661300+00:00,app[web.1]:,AB_TESTING:,A,1604877665485,1604877676633,mp4,tfecztr
2020-11-08T23:21:17.036491+00:00,app[web.1]:,AB_TESTING:,A,1604877665485,1604877677008,mp4,tfecztr
2020-11-08T23:21:17.583891+00:00,app[web.1]:,AB_TESTING:,A,1604877665485,1604877677534,mp4,tfecztr
2020-11-08T23:21:17.984480+00:00,app[web.1]:,AB_TESTING:,C,1604877677841,0,0,hkvsughf
2020-11-08T23:21:23.398214+00:00,app[web.1]:,AB_TESTING:,A,1604877683371,0,0,tfecztr
2020-11-08T23:21:25.117486+00:00,app[web.1]:,AB_TESTING:,A,1604877683371,1604877685085,mp4,tfecztr
2020-11-08T23:21:25.273035+00:00,app[web.1]:,AB_TESTING:,A,1604877683371,1604877685248,mp4,tfecztr
2020-11-08T23:21:25.425847+00:00,app[web.1]:,AB_TESTING:,A,1604877683371,1604877685399,mp4,tfecztr
2020-11-08T23:21:25.576533+00:00,app[web.1]:,AB_TESTING:,A,1604877683371,1604877685549,mp4,tfecztr
2020-11-08T23:21:25.718484+00:00,app[web.1]:,AB_TESTING:,A,1604877683371,1604877685691,mp4,tfecztr
2020-11-08T23:21:26.293472+00:00,app[web.1]:,AB_TESTING:,C,1604877686270,0,0,tfecztr
2020-11-08T23:21:29.107136+00:00,app[web.1]:,AB_TESTING:,B,1604877688940,0,0,hkvsughf
2020-11-08T23:21:30.312832+00:00,app[web.1]:,AB_TESTING:,B,1604877688940,1604877690148,mp1,hkvsughf
2020-11-08T23:21:32.123678+00:00,app[web.1]:,AB_TESTING:,A,1604877692099,0,0,tfecztr
2020-11-08T23:21:32.812731+00:00,app[web.1]:,AB_TESTING:,B,1604877688940,1604877692646,mp4,hkvsughf
2020-11-08T23:21:33.334645+00:00,app[web.1]:,AB_TESTING:,B,1604877688940,1604877693164,mp4,hkvsughf
2020-11-08T23:21:34.428374+00:00,app[web.1]:,AB_TESTING:,B,1604877688940,1604877694260,mp4,hkvsughf
2020-11-08T23:21:34.896558+00:00,app[web.1]:,AB_TESTING:,B,1604877688940,1604877694727,mp4,hkvsughf
2020-11-08T23:21:35.306440+00:00,app[web.1]:,AB_TESTING:,B,1604877688940,1604877695151,mp4,hkvsughf
2020-11-08T23:21:35.788866+00:00,app[web.1]:,AB_TESTING:,B,1604877688940,1604877695623,mp4,hkvsughf
2020-11-08T23:21:36.992288+00:00,app[web.1]:,AB_TESTING:,B,1604877688940,1604877696831,mp3,hkvsughf
2020-11-08T23:21:37.794009+00:00,app[web.1]:,AB_TESTING:,B,1604877688940,1604877697630,mp3,hkvsughf
2020-11-08T23:21:39.298200+00:00,app[web.1]:,AB_TESTING:,C,1604877699142,0,0,hkvsughf
2020-11-08T23:21:49.020674+00:00,app[web.1]:,AB_TESTING:,A,1604877708867,0,0,hkvsughf
2020-11-08T23:23:11.976460+00:00,app[web.1]:,AB_TESTING:,A,1604877791173,0,0,ctihbiwcpcd
2020-11-08T23:23:14.165805+00:00,app[web.1]:,AB_TESTING:,A,1604877791173,1604877793354,mp1,ctihbiwcpcd
2020-11-08T23:23:22.528679+00:00,app[web.1]:,AB_TESTING:,A,1604877801709,0,0,ctihbiwcpcd
2020-11-08T23:23:23.808470+00:00,app[web.1]:,AB_TESTING:,A,1604877801709,1604877802997,mp1,ctihbiwcpcd
2020-11-08T23:23:24.004657+00:00,app[web.1]:,AB_TESTING:,A,1604877801709,1604877803201,mp1,ctihbiwcpcd
2020-11-08T23:23:24.236819+00:00,app[web.1]:,AB_TESTING:,A,1604877801709,1604877803427,mp1,ctihbiwcpcd
2020-11-08T23:23:24.451838+00:00,app[web.1]:,AB_TESTING:,A,1604877801709,1604877803603,mp1,ctihbiwcpcd
2020-11-08T23:23:24.583200+00:00,app[web.1]:,AB_TESTING:,A,1604877801709,1604877803771,mp1,ctihbiwcpcd
2020-11-08T23:23:24.750232+00:00,app[web.1]:,AB_TESTING:,A,1604877801709,1604877803950,mp1,ctihbiwcpcd
2020-11-08T23:23:24.928505+00:00,app[web.1]:,AB_TESTING:,A,1604877801709,1604877804119,mp1,ctihbiwcpcd
2020-11-08T23:23:25.092320+00:00,app[web.1]:,AB_TESTING:,A,1604877801709,1604877804293,mp1,ctihbiwcpcd
2020-11-08T23:23:25.240477+00:00,app[web.1]:,AB_TESTING:,A,1604877801709,1604877804439,mp1,ctihbiwcpcd
2020-11-08T23:23:25.420954+00:00,app[web.1]:,AB_TESTING:,A,1604877801709,1604877804619,mp1,ctihbiwcpcd
2020-11-08T23:23:25.604381+00:00,app[web.1]:,AB_TESTING:,A,1604877801709,1604877804796,mp1,ctihbiwcpcd
2020-11-08T23:23:25.795297+00:00,app[web.1]:,AB_TESTING:,A,1604877801709,1604877804983,mp1,ctihbiwcpcd
2020-11-08T23:23:25.957557+00:00,app[web.1]:,AB_TESTING:,A,1604877801709,1604877805160,mp1,ctihbiwcpcd
2020-11-08T23:23:26.136887+00:00,app[web.1]:,AB_TESTING:,A,1604877801709,1604877805337,mp1,ctihbiwcpcd
2020-11-08T23:23:26.352509+00:00,app[web.1]:,AB_TESTING:,A,1604877801709,1604877805533,mp1,ctihbiwcpcd
2020-11-08T23:23:26.506727+00:00,app[web.1]:,AB_TESTING:,A,1604877801709,1604877805707,mp1,ctihbiwcpcd
2020-11-08T23:23:26.680446+00:00,app[web.1]:,AB_TESTING:,A,1604877801709,1604877805879,mp1,ctihbiwcpcd
2020-11-08T23:23:26.848043+00:00,app[web.1]:,AB_TESTING:,A,1604877801709,1604877806050,mp1,ctihbiwcpcd
2020-11-08T23:23:26.988496+00:00,app[web.1]:,AB_TESTING:,A,1604877801709,1604877806193,mp1,ctihbiwcpcd
2020-11-08T23:23:27.216592+00:00,app[web.1]:,AB_TESTING:,A,1604877801709,1604877806400,mp1,ctihbiwcpcd
2020-11-08T23:23:27.286268+00:00,app[web.1]:,AB_TESTING:,A,1604877807134,0,0,nyelrxgbcg
2020-11-08T23:23:27.380997+00:00,app[web.1]:,AB_TESTING:,A,1604877801709,1604877806582,mp1,ctihbiwcpcd
2020-11-08T23:23:29.762247+00:00,app[web.1]:,AB_TESTING:,C,1604877808961,0,0,ctihbiwcpcd
2020-11-08T23:23:32.936322+00:00,app[web.1]:,AB_TESTING:,A,1604877812132,0,0,ctihbiwcpcd
2020-11-09T01:51:31.074660+00:00,app[web.1]:,AB_TESTING:,A,1604886507711,1604886692257,mp4,rzhzvdm
2020-11-09T01:51:31.186411+00:00,app[web.1]:,AB_TESTING:,A,1604886507711,1604886692323,mp4,rzhzvdm
2020-11-09T01:51:31.256253+00:00,app[web.1]:,AB_TESTING:,A,1604886507711,1604886692415,mp4,rzhzvdm
2020-11-09T01:51:31.292790+00:00,app[web.1]:,AB_TESTING:,A,1604886507711,1604886692473,mp4,rzhzvdm
2020-11-09T01:51:31.324948+00:00,app[web.1]:,AB_TESTING:,A,1604886507711,1604886692508,mp4,rzhzvdm
2020-11-09T01:51:31.362383+00:00,app[web.1]:,AB_TESTING:,A,1604886507711,1604886692542,mp4,rzhzvdm
2020-11-09T01:51:31.396376+00:00,app[web.1]:,AB_TESTING:,A,1604886507711,1604886692578,mp4,rzhzvdm
2020-11-09T01:51:31.437226+00:00,app[web.1]:,AB_TESTING:,A,1604886507711,1604886692614,mp4,rzhzvdm
2020-11-09T01:51:31.475190+00:00,app[web.1]:,AB_TESTING:,A,1604886507711,1604886692654,mp4,rzhzvdm
2020-11-09T01:51:31.525457+00:00,app[web.1]:,AB_TESTING:,A,1604886507711,1604886692694,mp4,rzhzvdm
2020-11-09T01:51:31.564830+00:00,app[web.1]:,AB_TESTING:,A,1604886507711,1604886692742,mp4,rzhzvdm
2020-11-09T01:51:32.012971+00:00,app[web.1]:,AB_TESTING:,A,1604886507711,1604886693182,mp4,rzhzvdm
2020-11-09T01:51:32.056037+00:00,app[web.1]:,AB_TESTING:,A,1604886507711,1604886693229,mp4,rzhzvdm
2020-11-09T01:51:32.092975+00:00,app[web.1]:,AB_TESTING:,A,1604886507711,1604886693273,mp4,rzhzvdm
2020-11-09T01:51:32.125075+00:00,app[web.1]:,AB_TESTING:,A,1604886507711,1604886693308,mp4,rzhzvdm
2020-11-09T01:51:32.179286+00:00,app[web.1]:,AB_TESTING:,A,1604886507711,1604886693349,mp4,rzhzvdm
2020-11-09T01:51:32.231724+00:00,app[web.1]:,AB_TESTING:,A,1604886507711,1604886693406,mp4,rzhzvdm
2020-11-09T01:51:32.274557+00:00,app[web.1]:,AB_TESTING:,A,1604886507711,1604886693454,mp4,rzhzvdm
2020-11-09T01:51:32.306047+00:00,app[web.1]:,AB_TESTING:,A,1604886507711,1604886693489,mp4,rzhzvdm
2020-11-09T01:51:32.338281+00:00,app[web.1]:,AB_TESTING:,A,1604886507711,1604886693521,mp4,rzhzvdm
2020-11-09T01:51:32.376127+00:00,app[web.1]:,AB_TESTING:,A,1604886507711,1604886693556,mp4,rzhzvdm
2020-11-09T01:51:32.424000+00:00,app[web.1]:,AB_TESTING:,A,1604886507711,1604886693592,mp4,rzhzvdm
2020-11-09T01:51:32.512012+00:00,app[web.1]:,AB_TESTING:,A,1604886507711,1604886693640,mp4,rzhzvdm
2020-11-09T01:51:32.575542+00:00,app[web.1]:,AB_TESTING:,A,1604886507711,1604886693729,mp4,rzhzvdm
2020-11-09T01:51:32.644407+00:00,app[web.1]:,AB_TESTING:,A,1604886507711,1604886693823,mp4,rzhzvdm
2020-11-09T01:51:32.687000+00:00,app[web.1]:,AB_TESTING:,A,1604886507711,1604886693862,mp4,rzhzvdm
2020-11-09T01:51:32.745601+00:00,app[web.1]:,AB_TESTING:,A,1604886507711,1604886693913,mp4,rzhzvdm
2020-11-09T01:51:32.820332+00:00,app[web.1]:,AB_TESTING:,A,1604886507711,1604886693997,mp4,rzhzvdm
2020-11-09T01:51:32.869221+00:00,app[web.1]:,AB_TESTING:,A,1604886507711,1604886694039,mp4,rzhzvdm
2020-11-09T01:51:32.921541+00:00,app[web.1]:,AB_TESTING:,A,1604886507711,1604886694092,mp4,rzhzvdm
2020-11-09T01:51:32.991033+00:00,app[web.1]:,AB_TESTING:,A,1604886507711,1604886694161,mp4,rzhzvdm
2020-11-09T01:51:33.049948+00:00,app[web.1]:,AB_TESTING:,A,1604886507711,1604886694229,mp4,rzhzvdm
2020-11-09T01:51:33.087152+00:00,app[web.1]:,AB_TESTING:,A,1604886507711,1604886694266,mp4,rzhzvdm
2020-11-09T01:51:33.124607+00:00,app[web.1]:,AB_TESTING:,A,1604886507711,1604886694302,mp4,rzhzvdm
2020-11-09T01:51:33.167577+00:00,app[web.1]:,AB_TESTING:,A,1604886507711,1604886694341,mp4,rzhzvdm
2020-11-09T01:51:33.204842+00:00,app[web.1]:,AB_TESTING:,A,1604886507711,1604886694383,mp4,rzhzvdm
2020-11-09T01:51:33.242224+00:00,app[web.1]:,AB_TESTING:,A,1604886507711,1604886694422,mp4,rzhzvdm
2020-11-09T01:51:33.279371+00:00,app[web.1]:,AB_TESTING:,A,1604886507711,1604886694458,mp4,rzhzvdm
2020-11-09T01:51:33.321819+00:00,app[web.1]:,AB_TESTING:,A,1604886507711,1604886694498,mp4,rzhzvdm
2020-11-09T01:51:33.359166+00:00,app[web.1]:,AB_TESTING:,A,1604886507711,1604886694538,mp4,rzhzvdm
2020-11-09T01:51:33.396622+00:00,app[web.1]:,AB_TESTING:,A,1604886507711,1604886694574,mp4,rzhzvdm
2020-11-09T01:51:33.429024+00:00,app[web.1]:,AB_TESTING:,A,1604886507711,1604886694611,mp4,rzhzvdm
2020-11-09T01:51:33.469610+00:00,app[web.1]:,AB_TESTING:,A,1604886507711,1604886694643,mp4,rzhzvdm
2020-11-09T01:51:33.510335+00:00,app[web.1]:,AB_TESTING:,A,1604886507711,1604886694689,mp4,rzhzvdm
2020-11-09T01:51:33.557598+00:00,app[web.1]:,AB_TESTING:,A,1604886507711,1604886694730,mp4,rzhzvdm
2020-11-09T01:51:33.606341+00:00,app[web.1]:,AB_TESTING:,A,1604886507711,1604886694779,mp4,rzhzvdm
2020-11-09T01:51:33.663327+00:00,app[web.1]:,AB_TESTING:,A,1604886507711,1604886694840,mp4,rzhzvdm
2020-11-09T01:51:33.716652+00:00,app[web.1]:,AB_TESTING:,A,1604886507711,1604886694894,mp4,rzhzvdm
2020-11-09T01:51:33.789049+00:00,app[web.1]:,AB_TESTING:,A,1604886507711,1604886694948,mp4,rzhzvdm
2020-11-09T01:51:33.822768+00:00,app[web.1]:,AB_TESTING:,A,1604886507711,1604886695004,mp4,rzhzvdm
2020-11-09T01:51:33.854921+00:00,app[web.1]:,AB_TESTING:,A,1604886507711,1604886695037,mp4,rzhzvdm
2020-11-09T01:51:33.893491+00:00,app[web.1]:,AB_TESTING:,A,1604886507711,1604886695073,mp4,rzhzvdm
2020-11-09T01:51:33.929585+00:00,app[web.1]:,AB_TESTING:,A,1604886507711,1604886695109,mp4,rzhzvdm
2020-11-09T01:51:33.962378+00:00,app[web.1]:,AB_TESTING:,A,1604886507711,1604886695145,mp4,rzhzvdm
2020-11-09T01:51:33.998767+00:00,app[web.1]:,AB_TESTING:,A,1604886507711,1604886695177,mp4,rzhzvdm
2020-11-09T01:51:34.044203+00:00,app[web.1]:,AB_TESTING:,A,1604886507711,1604886695220,mp4,rzhzvdm
2020-11-09T01:51:34.079945+00:00,app[web.1]:,AB_TESTING:,A,1604886507711,1604886695259,mp4,rzhzvdm
2020-11-09T01:51:34.117316+00:00,app[web.1]:,AB_TESTING:,A,1604886507711,1604886695295,mp4,rzhzvdm
2020-11-09T01:51:34.153775+00:00,app[web.1]:,AB_TESTING:,A,1604886507711,1604886695332,mp4,rzhzvdm
2020-11-09T01:51:34.190776+00:00,app[web.1]:,AB_TESTING:,A,1604886507711,1604886695369,mp4,rzhzvdm
2020-11-09T01:51:34.228467+00:00,app[web.1]:,AB_TESTING:,A,1604886507711,1604886695406,mp4,rzhzvdm
2020-11-09T01:51:34.260427+00:00,app[web.1]:,AB_TESTING:,A,1604886507711,1604886695442,mp4,rzhzvdm
2020-11-09T01:51:34.292455+00:00,app[web.1]:,AB_TESTING:,A,1604886507711,1604886695475,mp4,rzhzvdm
2020-11-09T01:51:34.330159+00:00,app[web.1]:,AB_TESTING:,A,1604886507711,1604886695508,mp4,rzhzvdm
2020-11-09T01:51:34.367411+00:00,app[web.1]:,AB_TESTING:,A,1604886507711,1604886695545,mp4,rzhzvdm
2020-11-09T01:51:34.410722+00:00,app[web.1]:,AB_TESTING:,A,1604886507711,1604886695591,mp4,rzhzvdm
2020-11-09T01:51:34.452313+00:00,app[web.1]:,AB_TESTING:,A,1604886507711,1604886695627,mp4,rzhzvdm
2020-11-09T01:51:34.564699+00:00,app[web.1]:,AB_TESTING:,A,1604886507711,1604886695743,mp4,rzhzvdm
2020-11-09T01:51:34.612402+00:00,app[web.1]:,AB_TESTING:,A,1604886507711,1604886695790,mp4,rzhzvdm
2020-11-09T01:51:34.666221+00:00,app[web.1]:,AB_TESTING:,A,1604886507711,1604886695844,mp4,rzhzvdm
2020-11-09T01:51:34.722088+00:00,app[web.1]:,AB_TESTING:,A,1604886507711,1604886695894,mp4,rzhzvdm
2020-11-09T01:51:34.761788+00:00,app[web.1]:,AB_TESTING:,A,1604886507711,1604886695940,mp4,rzhzvdm
2020-11-09T01:51:34.816737+00:00,app[web.1]:,AB_TESTING:,A,1604886507711,1604886695982,mp4,rzhzvdm
2020-11-09T01:51:34.874457+00:00,app[web.1]:,AB_TESTING:,A,1604886507711,1604886696044,mp4,rzhzvdm
2020-11-09T01:51:35.019366+00:00,app[web.1]:,AB_TESTING:,A,1604886507711,1604886696193,mp4,rzhzvdm
2020-11-09T01:51:35.063490+00:00,app[web.1]:,AB_TESTING:,A,1604886507711,1604886696241,mp4,rzhzvdm
2020-11-09T01:51:35.113220+00:00,app[web.1]:,AB_TESTING:,A,1604886507711,1604886696285,mp4,rzhzvdm
2020-11-09T01:51:35.163982+00:00,app[web.1]:,AB_TESTING:,A,1604886507711,1604886696338,mp4,rzhzvdm
2020-11-09T01:51:35.213623+00:00,app[web.1]:,AB_TESTING:,A,1604886507711,1604886696381,mp4,rzhzvdm
2020-11-09T01:51:35.258149+00:00,app[web.1]:,AB_TESTING:,A,1604886507711,1604886696433,mp4,rzhzvdm
2020-11-09T01:51:35.313999+00:00,app[web.1]:,AB_TESTING:,A,1604886507711,1604886696486,mp4,rzhzvdm
2020-11-09T01:51:35.367218+00:00,app[web.1]:,AB_TESTING:,A,1604886507711,1604886696543,mp4,rzhzvdm
2020-11-09T01:51:35.421283+00:00,app[web.1]:,AB_TESTING:,A,1604886507711,1604886696593,mp4,rzhzvdm
2020-11-09T01:51:35.462876+00:00,app[web.1]:,AB_TESTING:,A,1604886507711,1604886696640,mp4,rzhzvdm
2020-11-09T01:51:35.506682+00:00,app[web.1]:,AB_TESTING:,A,1604886507711,1604886696685,mp4,rzhzvdm
2020-11-09T01:51:35.591096+00:00,app[web.1]:,AB_TESTING:,A,1604886507711,1604886696723,mp4,rzhzvdm
2020-11-09T01:51:35.687283+00:00,app[web.1]:,AB_TESTING:,A,1604886507711,1604886696868,mp4,rzhzvdm
2020-11-09T01:51:35.718981+00:00,app[web.1]:,AB_TESTING:,A,1604886507711,1604886696902,mp4,rzhzvdm
2020-11-09T01:51:35.756558+00:00,app[web.1]:,AB_TESTING:,A,1604886507711,1604886696934,mp4,rzhzvdm
2020-11-09T01:51:35.800864+00:00,app[web.1]:,AB_TESTING:,A,1604886507711,1604886696976,mp4,rzhzvdm
2020-11-09T01:51:35.868615+00:00,app[web.1]:,AB_TESTING:,A,1604886507711,1604886697017,mp4,rzhzvdm
2020-11-09T01:51:35.921789+00:00,app[web.1]:,AB_TESTING:,A,1604886507711,1604886697084,mp4,rzhzvdm
2020-11-09T01:51:35.970602+00:00,app[web.1]:,AB_TESTING:,A,1604886507711,1604886697141,mp4,rzhzvdm
2020-11-09T01:51:36.088072+00:00,app[web.1]:,AB_TESTING:,A,1604886507711,1604886697242,mp4,rzhzvdm
2020-11-09T01:51:36.156997+00:00,app[web.1]:,AB_TESTING:,A,1604886507711,1604886697327,mp4,rzhzvdm
2020-11-09T01:51:36.194949+00:00,app[web.1]:,AB_TESTING:,A,1604886507711,1604886697373,mp4,rzhzvdm
2020-11-09T01:51:36.233524+00:00,app[web.1]:,AB_TESTING:,A,1604886507711,1604886697410,mp4,rzhzvdm
2020-11-09T01:51:36.270792+00:00,app[web.1]:,AB_TESTING:,A,1604886507711,1604886697449,mp4,rzhzvdm
2020-11-09T01:51:36.305680+00:00,app[web.1]:,AB_TESTING:,A,1604886507711,1604886697487,mp4,rzhzvdm
2020-11-09T01:51:36.343092+00:00,app[web.1]:,AB_TESTING:,A,1604886507711,1604886697522,mp4,rzhzvdm
2020-11-09T01:51:36.387451+00:00,app[web.1]:,AB_TESTING:,A,1604886507711,1604886697558,mp4,rzhzvdm
2020-11-09T01:51:36.423760+00:00,app[web.1]:,AB_TESTING:,A,1604886507711,1604886697605,mp4,rzhzvdm
2020-11-09T01:51:36.460687+00:00,app[web.1]:,AB_TESTING:,A,1604886507711,1604886697639,mp4,rzhzvdm
2020-11-09T01:51:36.503251+00:00,app[web.1]:,AB_TESTING:,A,1604886507711,1604886697675,mp4,rzhzvdm
2020-11-09T01:51:36.541037+00:00,app[web.1]:,AB_TESTING:,A,1604886507711,1604886697719,mp4,rzhzvdm
2020-11-09T01:51:36.572451+00:00,app[web.1]:,AB_TESTING:,A,1604886507711,1604886697755,mp4,rzhzvdm
2020-11-09T01:51:36.610191+00:00,app[web.1]:,AB_TESTING:,A,1604886507711,1604886697790,mp4,rzhzvdm
2020-11-09T01:51:36.661616+00:00,app[web.1]:,AB_TESTING:,A,1604886507711,1604886697839,mp4,rzhzvdm
2020-11-09T01:51:36.694997+00:00,app[web.1]:,AB_TESTING:,A,1604886507711,1604886697877,mp4,rzhzvdm
2020-11-09T01:51:36.733190+00:00,app[web.1]:,AB_TESTING:,A,1604886507711,1604886697909,mp4,rzhzvdm
2020-11-09T01:51:36.785983+00:00,app[web.1]:,AB_TESTING:,A,1604886507711,1604886697952,mp4,rzhzvdm
2020-11-09T01:51:36.829024+00:00,app[web.1]:,AB_TESTING:,A,1604886507711,1604886698003,mp4,rzhzvdm
2020-11-09T01:51:36.865678+00:00,app[web.1]:,AB_TESTING:,A,1604886507711,1604886698044,mp4,rzhzvdm
2020-11-09T01:51:36.903703+00:00,app[web.1]:,AB_TESTING:,A,1604886507711,1604886698082,mp4,rzhzvdm
2020-11-09T01:51:36.942436+00:00,app[web.1]:,AB_TESTING:,A,1604886507711,1604886698121,mp4,rzhzvdm
2020-11-09T01:51:36.978183+00:00,app[web.1]:,AB_TESTING:,A,1604886507711,1604886698157,mp4,rzhzvdm
2020-11-09T01:51:37.035733+00:00,app[web.1]:,AB_TESTING:,A,1604886507711,1604886698194,mp4,rzhzvdm
2020-11-09T01:51:37.076773+00:00,app[web.1]:,AB_TESTING:,A,1604886507711,1604886698250,mp4,rzhzvdm
2020-11-09T01:51:37.113168+00:00,app[web.1]:,AB_TESTING:,A,1604886507711,1604886698293,mp4,rzhzvdm
2020-11-09T01:51:37.175369+00:00,app[web.1]:,AB_TESTING:,A,1604886507711,1604886698342,mp4,rzhzvdm
2020-11-09T01:51:37.222862+00:00,app[web.1]:,AB_TESTING:,A,1604886507711,1604886698394,mp4,rzhzvdm
2020-11-09T01:51:37.281282+00:00,app[web.1]:,AB_TESTING:,A,1604886507711,1604886698453,mp4,rzhzvdm
2020-11-09T01:51:37.359574+00:00,app[web.1]:,AB_TESTING:,A,1604886507711,1604886698500,mp4,rzhzvdm
2020-11-09T01:51:37.396353+00:00,app[web.1]:,AB_TESTING:,A,1604886507711,1604886698575,mp4,rzhzvdm
2020-11-09T01:51:37.446442+00:00,app[web.1]:,AB_TESTING:,A,1604886507711,1604886698612,mp4,rzhzvdm
2020-11-09T01:51:37.482755+00:00,app[web.1]:,AB_TESTING:,A,1604886507711,1604886698662,mp4,rzhzvdm
2020-11-09T01:51:37.519930+00:00,app[web.1]:,AB_TESTING:,A,1604886507711,1604886698699,mp4,rzhzvdm
2020-11-09T01:51:37.558005+00:00,app[web.1]:,AB_TESTING:,A,1604886507711,1604886698736,mp4,rzhzvdm
2020-11-09T01:51:37.595370+00:00,app[web.1]:,AB_TESTING:,A,1604886507711,1604886698772,mp4,rzhzvdm
2020-11-09T01:51:37.632123+00:00,app[web.1]:,AB_TESTING:,A,1604886507711,1604886698811,mp4,rzhzvdm
2020-11-09T01:51:37.674502+00:00,app[web.1]:,AB_TESTING:,A,1604886507711,1604886698852,mp4,rzhzvdm
2020-11-09T01:51:37.706658+00:00,app[web.1]:,AB_TESTING:,A,1604886507711,1604886698891,mp4,rzhzvdm
2020-11-09T01:51:37.743239+00:00,app[web.1]:,AB_TESTING:,A,1604886507711,1604886698925,mp4,rzhzvdm
2020-11-09T01:51:37.775531+00:00,app[web.1]:,AB_TESTING:,A,1604886507711,1604886698958,mp4,rzhzvdm
2020-11-09T01:51:37.807691+00:00,app[web.1]:,AB_TESTING:,A,1604886507711,1604886698990,mp4,rzhzvdm
2020-11-09T01:51:37.850196+00:00,app[web.1]:,AB_TESTING:,A,1604886507711,1604886699025,mp4,rzhzvdm
2020-11-09T01:51:37.892715+00:00,app[web.1]:,AB_TESTING:,A,1604886507711,1604886699074,mp4,rzhzvdm
2020-11-09T01:51:37.924585+00:00,app[web.1]:,AB_TESTING:,A,1604886507711,1604886699108,mp4,rzhzvdm
2020-11-09T01:51:37.957152+00:00,app[web.1]:,AB_TESTING:,A,1604886507711,1604886699139,mp4,rzhzvdm
2020-11-09T01:51:37.993806+00:00,app[web.1]:,AB_TESTING:,A,1604886507711,1604886699172,mp4,rzhzvdm
2020-11-09T01:51:38.032362+00:00,app[web.1]:,AB_TESTING:,A,1604886507711,1604886699214,mp4,rzhzvdm
2020-11-09T01:51:38.068742+00:00,app[web.1]:,AB_TESTING:,A,1604886507711,1604886699247,mp4,rzhzvdm
2020-11-09T01:51:38.102912+00:00,app[web.1]:,AB_TESTING:,A,1604886507711,1604886699284,mp4,rzhzvdm
2020-11-09T01:51:38.137608+00:00,app[web.1]:,AB_TESTING:,A,1604886507711,1604886699319,mp4,rzhzvdm
2020-11-09T01:51:38.170180+00:00,app[web.1]:,AB_TESTING:,A,1604886507711,1604886699353,mp4,rzhzvdm
2020-11-09T01:51:38.206776+00:00,app[web.1]:,AB_TESTING:,A,1604886507711,1604886699391,mp4,rzhzvdm
2020-11-09T01:51:38.238949+00:00,app[web.1]:,AB_TESTING:,A,1604886507711,1604886699422,mp4,rzhzvdm
2020-11-09T01:51:38.277600+00:00,app[web.1]:,AB_TESTING:,A,1604886507711,1604886699456,mp4,rzhzvdm
2020-11-09T01:51:38.314062+00:00,app[web.1]:,AB_TESTING:,A,1604886507711,1604886699494,mp4,rzhzvdm
2020-11-09T01:51:38.358298+00:00,app[web.1]:,AB_TESTING:,A,1604886507711,1604886699529,mp4,rzhzvdm
2020-11-09T01:51:38.405458+00:00,app[web.1]:,AB_TESTING:,A,1604886507711,1604886699583,mp4,rzhzvdm
2020-11-09T01:51:38.442108+00:00,app[web.1]:,AB_TESTING:,A,1604886507711,1604886699622,mp4,rzhzvdm
2020-11-09T01:51:38.479620+00:00,app[web.1]:,AB_TESTING:,A,1604886507711,1604886699660,mp4,rzhzvdm
2020-11-09T01:51:38.516508+00:00,app[web.1]:,AB_TESTING:,A,1604886507711,1604886699698,mp4,rzhzvdm
2020-11-09T01:51:38.548532+00:00,app[web.1]:,AB_TESTING:,A,1604886507711,1604886699732,mp4,rzhzvdm
2020-11-09T01:51:38.590876+00:00,app[web.1]:,AB_TESTING:,A,1604886507711,1604886699766,mp4,rzhzvdm
2020-11-09T01:51:38.626655+00:00,app[web.1]:,AB_TESTING:,A,1604886507711,1604886699806,mp4,rzhzvdm
2020-11-09T01:51:38.665672+00:00,app[web.1]:,AB_TESTING:,A,1604886507711,1604886699843,mp4,rzhzvdm
2020-11-09T01:51:38.703916+00:00,app[web.1]:,AB_TESTING:,A,1604886507711,1604886699883,mp4,rzhzvdm
2020-11-09T01:51:38.735088+00:00,app[web.1]:,AB_TESTING:,A,1604886507711,1604886699919,mp4,rzhzvdm
2020-11-09T01:51:38.778379+00:00,app[web.1]:,AB_TESTING:,A,1604886507711,1604886699951,mp4,rzhzvdm
2020-11-09T01:51:38.810138+00:00,app[web.1]:,AB_TESTING:,A,1604886507711,1604886699993,mp4,rzhzvdm
2020-11-09T01:51:38.845582+00:00,app[web.1]:,AB_TESTING:,A,1604886507711,1604886700026,mp4,rzhzvdm
2020-11-09T01:51:38.879412+00:00,app[web.1]:,AB_TESTING:,A,1604886507711,1604886700060,mp4,rzhzvdm
2020-11-09T01:51:38.916069+00:00,app[web.1]:,AB_TESTING:,A,1604886507711,1604886700094,mp4,rzhzvdm
2020-11-09T01:51:38.953609+00:00,app[web.1]:,AB_TESTING:,A,1604886507711,1604886700135,mp4,rzhzvdm
2020-11-09T01:51:38.985568+00:00,app[web.1]:,AB_TESTING:,A,1604886507711,1604886700169,mp4,rzhzvdm
2020-11-09T01:51:39.017623+00:00,app[web.1]:,AB_TESTING:,A,1604886507711,1604886700201,mp4,rzhzvdm
2020-11-09T01:51:39.054543+00:00,app[web.1]:,AB_TESTING:,A,1604886507711,1604886700232,mp4,rzhzvdm
2020-11-09T01:51:39.087439+00:00,app[web.1]:,AB_TESTING:,A,1604886507711,1604886700271,mp4,rzhzvdm
2020-11-09T01:51:39.124439+00:00,app[web.1]:,AB_TESTING:,A,1604886507711,1604886700303,mp4,rzhzvdm
2020-11-09T01:51:39.158865+00:00,app[web.1]:,AB_TESTING:,A,1604886507711,1604886700339,mp4,rzhzvdm
2020-11-09T01:51:39.188090+00:00,app[web.1]:,AB_TESTING:,A,1604886507711,1604886700373,mp4,rzhzvdm
2020-11-09T01:51:39.220829+00:00,app[web.1]:,AB_TESTING:,A,1604886507711,1604886700403,mp4,rzhzvdm
2020-11-09T01:51:39.257580+00:00,app[web.1]:,AB_TESTING:,A,1604886507711,1604886700439,mp4,rzhzvdm
2020-11-09T01:51:39.289799+00:00,app[web.1]:,AB_TESTING:,A,1604886507711,1604886700472,mp4,rzhzvdm
2020-11-09T01:51:39.321309+00:00,app[web.1]:,AB_TESTING:,A,1604886507711,1604886700505,mp4,rzhzvdm
2020-11-09T01:51:39.353988+00:00,app[web.1]:,AB_TESTING:,A,1604886507711,1604886700538,mp4,rzhzvdm
2020-11-09T01:51:39.385585+00:00,app[web.1]:,AB_TESTING:,A,1604886507711,1604886700569,mp4,rzhzvdm
2020-11-09T01:51:39.423119+00:00,app[web.1]:,AB_TESTING:,A,1604886507711,1604886700602,mp4,rzhzvdm
2020-11-09T01:51:39.462207+00:00,app[web.1]:,AB_TESTING:,A,1604886507711,1604886700643,mp4,rzhzvdm
2020-11-09T01:51:39.492103+00:00,app[web.1]:,AB_TESTING:,A,1604886507711,1604886700677,mp4,rzhzvdm
2020-11-09T01:51:39.529460+00:00,app[web.1]:,AB_TESTING:,A,1604886507711,1604886700708,mp4,rzhzvdm
2020-11-09T01:51:39.561486+00:00,app[web.1]:,AB_TESTING:,A,1604886507711,1604886700744,mp4,rzhzvdm
2020-11-09T01:51:39.593699+00:00,app[web.1]:,AB_TESTING:,A,1604886507711,1604886700776,mp4,rzhzvdm
2020-11-09T01:51:39.646000+00:00,app[web.1]:,AB_TESTING:,A,1604886507711,1604886700808,mp4,rzhzvdm
2020-11-09T01:51:39.680206+00:00,app[web.1]:,AB_TESTING:,A,1604886507711,1604886700861,mp4,rzhzvdm
2020-11-09T01:51:39.721559+00:00,app[web.1]:,AB_TESTING:,A,1604886507711,1604886700899,mp4,rzhzvdm
2020-11-09T01:51:39.758756+00:00,app[web.1]:,AB_TESTING:,A,1604886507711,1604886700937,mp4,rzhzvdm
2020-11-09T01:51:39.799462+00:00,app[web.1]:,AB_TESTING:,A,1604886507711,1604886700974,mp4,rzhzvdm
2020-11-09T01:51:39.836966+00:00,app[web.1]:,AB_TESTING:,A,1604886507711,1604886701014,mp4,rzhzvdm
2020-11-09T01:51:39.872850+00:00,app[web.1]:,AB_TESTING:,A,1604886507711,1604886701053,mp4,rzhzvdm
2020-11-09T01:51:39.913822+00:00,app[web.1]:,AB_TESTING:,A,1604886507711,1604886701095,mp4,rzhzvdm
2020-11-09T01:51:39.951787+00:00,app[web.1]:,AB_TESTING:,A,1604886507711,1604886701134,mp4,rzhzvdm
2020-11-09T01:51:39.989570+00:00,app[web.1]:,AB_TESTING:,A,1604886507711,1604886701170,mp4,rzhzvdm
2020-11-09T01:51:40.025948+00:00,app[web.1]:,AB_TESTING:,A,1604886507711,1604886701205,mp4,rzhzvdm
2020-11-09T01:51:40.063215+00:00,app[web.1]:,AB_TESTING:,A,1604886507711,1604886701247,mp4,rzhzvdm
2020-11-09T01:51:40.095946+00:00,app[web.1]:,AB_TESTING:,A,1604886507711,1604886701278,mp4,rzhzvdm
2020-11-09T01:51:40.132640+00:00,app[web.1]:,AB_TESTING:,A,1604886507711,1604886701312,mp4,rzhzvdm
2020-11-09T01:51:40.164569+00:00,app[web.1]:,AB_TESTING:,A,1604886507711,1604886701348,mp4,rzhzvdm
2020-11-09T01:51:40.202190+00:00,app[web.1]:,AB_TESTING:,A,1604886507711,1604886701382,mp4,rzhzvdm
2020-11-09T01:51:40.243735+00:00,app[web.1]:,AB_TESTING:,A,1604886507711,1604886701420,mp4,rzhzvdm
2020-11-09T01:51:40.276535+00:00,app[web.1]:,AB_TESTING:,A,1604886507711,1604886701460,mp4,rzhzvdm
2020-11-09T01:51:40.307996+00:00,app[web.1]:,AB_TESTING:,A,1604886507711,1604886701491,mp4,rzhzvdm
2020-11-09T01:51:40.341222+00:00,app[web.1]:,AB_TESTING:,A,1604886507711,1604886701522,mp4,rzhzvdm
2020-11-09T01:51:40.375638+00:00,app[web.1]:,AB_TESTING:,A,1604886507711,1604886701556,mp4,rzhzvdm
2020-11-09T01:51:40.409853+00:00,app[web.1]:,AB_TESTING:,A,1604886507711,1604886701590,mp4,rzhzvdm
2020-11-09T01:51:40.456646+00:00,app[web.1]:,AB_TESTING:,A,1604886507711,1604886701631,mp4,rzhzvdm
2020-11-09T01:51:40.492513+00:00,app[web.1]:,AB_TESTING:,A,1604886507711,1604886701673,mp4,rzhzvdm
2020-11-09T01:51:40.521477+00:00,app[web.1]:,AB_TESTING:,A,1604886507711,1604886701707,mp4,rzhzvdm
2020-11-09T01:51:40.553406+00:00,app[web.1]:,AB_TESTING:,A,1604886507711,1604886701737,mp4,rzhzvdm
2020-11-09T01:51:40.585681+00:00,app[web.1]:,AB_TESTING:,A,1604886507711,1604886701768,mp4,rzhzvdm
2020-11-09T01:51:40.617730+00:00,app[web.1]:,AB_TESTING:,A,1604886507711,1604886701801,mp4,rzhzvdm
2020-11-09T01:51:40.654451+00:00,app[web.1]:,AB_TESTING:,A,1604886507711,1604886701832,mp4,rzhzvdm
2020-11-09T01:51:40.687024+00:00,app[web.1]:,AB_TESTING:,A,1604886507711,1604886701871,mp4,rzhzvdm
2020-11-09T01:51:40.719372+00:00,app[web.1]:,AB_TESTING:,A,1604886507711,1604886701902,mp4,rzhzvdm
2020-11-09T01:51:40.750951+00:00,app[web.1]:,AB_TESTING:,A,1604886507711,1604886701935,mp4,rzhzvdm
2020-11-09T01:51:40.794846+00:00,app[web.1]:,AB_TESTING:,A,1604886507711,1604886701976,mp4,rzhzvdm
2020-11-09T01:51:40.831312+00:00,app[web.1]:,AB_TESTING:,A,1604886507711,1604886702010,mp4,rzhzvdm
2020-11-09T01:51:40.868292+00:00,app[web.1]:,AB_TESTING:,A,1604886507711,1604886702048,mp4,rzhzvdm
2020-11-09T01:51:40.908512+00:00,app[web.1]:,AB_TESTING:,A,1604886507711,1604886702087,mp4,rzhzvdm
2020-11-09T01:51:40.949981+00:00,app[web.1]:,AB_TESTING:,A,1604886507711,1604886702132,mp4,rzhzvdm
2020-11-09T01:51:41.049822+00:00,app[web.1]:,AB_TESTING:,A,1604886507711,1604886702166,mp4,rzhzvdm
2020-11-09T01:51:41.091216+00:00,app[web.1]:,AB_TESTING:,A,1604886507711,1604886702267,mp4,rzhzvdm
2020-11-09T01:51:41.128875+00:00,app[web.1]:,AB_TESTING:,A,1604886507711,1604886702308,mp4,rzhzvdm
2020-11-09T01:51:41.166312+00:00,app[web.1]:,AB_TESTING:,A,1604886507711,1604886702345,mp4,rzhzvdm
2020-11-09T01:51:41.219397+00:00,app[web.1]:,AB_TESTING:,A,1604886507711,1604886702387,mp4,rzhzvdm
2020-11-09T01:51:41.256670+00:00,app[web.1]:,AB_TESTING:,A,1604886507711,1604886702437,mp4,rzhzvdm
2020-11-09T01:51:41.294050+00:00,app[web.1]:,AB_TESTING:,A,1604886507711,1604886702474,mp4,rzhzvdm
2020-11-09T01:51:41.331657+00:00,app[web.1]:,AB_TESTING:,A,1604886507711,1604886702511,mp4,rzhzvdm
2020-11-09T01:51:41.368779+00:00,app[web.1]:,AB_TESTING:,A,1604886507711,1604886702550,mp4,rzhzvdm
2020-11-09T01:51:41.496755+00:00,app[web.1]:,AB_TESTING:,A,1604886507711,1604886702675,mp4,rzhzvdm
2020-11-09T01:51:41.561486+00:00,app[web.1]:,AB_TESTING:,A,1604886507711,1604886702735,mp3,rzhzvdm
2020-11-09T01:51:55.536791+00:00,app[web.1]:,AB_TESTING:,A,1604886716718,0,0,ajkftopj
2020-11-09T01:52:41.913756+00:00,app[web.1]:,AB_TESTING:,A,1604886762811,0,0,rzhzvdm
2020-11-09T01:52:44.802692+00:00,app[web.1]:,AB_TESTING:,C,1604886765960,0,0,rzhzvdm
2020-11-09T01:53:00.845152+00:00,app[web.1]:,AB_TESTING:,C,1604886782018,0,0,rzhzvdm
2020-11-09T01:53:03.478531+00:00,app[web.1]:,AB_TESTING:,A,1604886784423,0,0,rzhzvdm
2020-11-09T01:53:09.791169+00:00,app[web.1]:,AB_TESTING:,A,1604886790877,0,0,rzhzvdm
2020-11-09T01:53:12.272683+00:00,app[web.1]:,AB_TESTING:,C,1604886793443,0,0,rzhzvdm
2020-11-09T01:53:19.617500+00:00,app[web.1]:,AB_TESTING:,A,1604886800617,0,0,rzhzvdm
2020-11-09T01:53:28.305310+00:00,app[web.1]:,AB_TESTING:,A,1604886809355,0,0,rzhzvdm
2020-11-09T01:53:30.397145+00:00,app[web.1]:,AB_TESTING:,C,1604886811460,0,0,rzhzvdm
2020-11-09T01:53:40.074192+00:00,app[web.1]:,AB_TESTING:,A,1604886821164,0,0,rzhzvdm
2020-11-09T01:53:51.522895+00:00,app[web.1]:,AB_TESTING:,A,1604886832653,0,0,rzhzvdm
2020-11-09T01:53:53.958043+00:00,app[web.1]:,AB_TESTING:,C,1604886835126,0,0,rzhzvdm
2020-11-09T01:54:02.585714+00:00,app[web.1]:,AB_TESTING:,A,1604886843631,0,0,rzhzvdm
2020-11-09T01:54:04.040070+00:00,app[web.1]:,AB_TESTING:,A,1604886843631,1604886845213,mp3,rzhzvdm
2020-11-09T01:54:04.157059+00:00,app[web.1]:,AB_TESTING:,A,1604886843631,1604886845338,mp3,rzhzvdm
2020-11-09T01:54:04.306779+00:00,app[web.1]:,AB_TESTING:,A,1604886843631,1604886845488,mp3,rzhzvdm
2020-11-09T01:54:04.558383+00:00,app[web.1]:,AB_TESTING:,A,1604886843631,1604886845736,mp3,rzhzvdm
2020-11-09T01:54:04.785129+00:00,app[web.1]:,AB_TESTING:,A,1604886843631,1604886845949,mp3,rzhzvdm
2020-11-09T01:54:05.607662+00:00,app[web.1]:,AB_TESTING:,C,1604886846762,0,0,rzhzvdm
2020-11-09T01:54:07.055952+00:00,app[web.1]:,AB_TESTING:,A,1604886848165,0,0,rzhzvdm
2020-11-09T01:54:07.824647+00:00,app[web.1]:,AB_TESTING:,A,1604886848165,1604886848998,mp1,rzhzvdm
2020-11-09T01:54:07.984199+00:00,app[web.1]:,AB_TESTING:,A,1604886848165,1604886849164,mp1,rzhzvdm
2020-11-09T01:54:08.244041+00:00,app[web.1]:,AB_TESTING:,A,1604886848165,1604886849424,mp1,rzhzvdm
2020-11-09T01:54:08.393482+00:00,app[web.1]:,AB_TESTING:,A,1604886848165,1604886849572,mp1,rzhzvdm
2020-11-09T01:54:08.543200+00:00,app[web.1]:,AB_TESTING:,A,1604886848165,1604886849721,mp1,rzhzvdm
2020-11-09T01:54:08.694070+00:00,app[web.1]:,AB_TESTING:,A,1604886848165,1604886849868,mp1,rzhzvdm
2020-11-09T01:54:08.829488+00:00,app[web.1]:,AB_TESTING:,A,1604886848165,1604886850005,mp1,rzhzvdm
2020-11-09T01:54:09.205603+00:00,app[web.1]:,AB_TESTING:,A,1604886848165,1604886850382,mp2,rzhzvdm
2020-11-09T01:54:09.426781+00:00,app[web.1]:,AB_TESTING:,A,1604886848165,1604886850599,mp2,rzhzvdm
2020-11-09T01:54:09.501620+00:00,app[web.1]:,AB_TESTING:,A,1604886848165,1604886850680,mp2,rzhzvdm
2020-11-09T01:54:09.651391+00:00,app[web.1]:,AB_TESTING:,A,1604886848165,1604886850831,mp2,rzhzvdm
2020-11-09T01:54:09.796083+00:00,app[web.1]:,AB_TESTING:,A,1604886848165,1604886850974,mp2,rzhzvdm
2020-11-09T01:54:10.786020+00:00,app[web.1]:,AB_TESTING:,A,1604886848165,1604886851966,mp4,rzhzvdm
2020-11-09T01:54:10.924849+00:00,app[web.1]:,AB_TESTING:,A,1604886848165,1604886852104,mp4,rzhzvdm
2020-11-09T01:54:11.069874+00:00,app[web.1]:,AB_TESTING:,A,1604886848165,1604886852248,mp4,rzhzvdm
2020-11-09T01:54:11.234111+00:00,app[web.1]:,AB_TESTING:,A,1604886848165,1604886852415,mp4,rzhzvdm
2020-11-09T01:54:11.378033+00:00,app[web.1]:,AB_TESTING:,A,1604886848165,1604886852557,mp4,rzhzvdm
2020-11-09T01:54:12.439897+00:00,app[web.1]:,AB_TESTING:,C,1604886853591,0,0,rzhzvdm
2020-11-09T04:59:55.292306+00:00,app[web.1]:,AB_TESTING:,B,1604897995147,0,0,jwhzjh
2020-11-09T05:00:14.240168+00:00,app[web.1]:,AB_TESTING:,B,1604897995147,1604898014078,mp1,jwhzjh
2020-11-09T05:00:21.949489+00:00,app[web.1]:,AB_TESTING:,C,1604898021799,0,0,jwhzjh
2020-11-09T05:00:26.044883+00:00,app[web.1]:,AB_TESTING:,B,1604898025898,0,0,jwhzjh
2020-11-09T05:00:28.675653+00:00,app[web.1]:,AB_TESTING:,C,1604898028531,0,0,jwhzjh
2020-11-09T05:40:13.308036+00:00,app[web.1]:,AB_TESTING:,B,1604900412025,0,0,qgrczm
2020-11-09T05:40:20.274157+00:00,app[web.1]:,AB_TESTING:,B,1604900412025,1604900420131,mp4,qgrczm
2020-11-09T05:40:21.840398+00:00,app[web.1]:,AB_TESTING:,B,1604900412025,1604900421709,mp4,qgrczm
2020-11-09T05:40:22.459821+00:00,app[web.1]:,AB_TESTING:,B,1604900412025,1604900422331,mp4,qgrczm
2020-11-09T05:40:23.291679+00:00,app[web.1]:,AB_TESTING:,B,1604900412025,1604900423156,mp4,qgrczm
2020-11-09T05:40:24.031751+00:00,app[web.1]:,AB_TESTING:,B,1604900412025,1604900423891,mp4,qgrczm
2020-11-09T05:40:28.111635+00:00,app[web.1]:,AB_TESTING:,C,1604900427991,0,0,qgrczm
2020-11-09T05:40:31.699609+00:00,app[web.1]:,AB_TESTING:,B,1604900431577,0,0,qgrczm
2020-11-09T06:32:36.835374+00:00,app[web.1]:,AB_TESTING:,B,1604903556665,0,0,jwhzjh
2020-11-09T06:39:26.516447+00:00,app[web.1]:,AB_TESTING:,A,1604903965007,0,0,pplhlqdv
2020-11-09T06:39:41.755283+00:00,app[web.1]:,AB_TESTING:,A,1604903965007,1604903981577,mp2,pplhlqdv
2020-11-09T06:39:43.314697+00:00,app[web.1]:,AB_TESTING:,A,1604903965007,1604903983139,mp1,pplhlqdv
2020-11-09T06:39:44.247541+00:00,app[web.1]:,AB_TESTING:,A,1604903965007,1604903984073,mp3,pplhlqdv
2020-11-09T06:39:45.108762+00:00,app[web.1]:,AB_TESTING:,A,1604903965007,1604903984932,mp4,pplhlqdv
2020-11-09T06:39:50.732466+00:00,app[web.1]:,AB_TESTING:,A,1604903965007,1604903990555,mp3,pplhlqdv
2020-11-09T06:39:52.177096+00:00,app[web.1]:,AB_TESTING:,A,1604903965007,1604903991996,mp4,pplhlqdv
2020-11-09T06:39:53.346725+00:00,app[web.1]:,AB_TESTING:,A,1604903965007,1604903993171,mp2,pplhlqdv
2020-11-09T06:39:53.831305+00:00,app[web.1]:,AB_TESTING:,A,1604903965007,1604903993654,mp1,pplhlqdv
2020-11-09T06:39:54.295280+00:00,app[web.1]:,AB_TESTING:,A,1604903965007,1604903994121,mp2,pplhlqdv
2020-11-09T06:39:55.448552+00:00,app[web.1]:,AB_TESTING:,C,1604903995276,0,0,pplhlqdv
2020-11-09T06:40:03.026020+00:00,app[web.1]:,AB_TESTING:,A,1604904002854,0,0,pplhlqdv
2020-11-09T06:40:20.335914+00:00,app[web.1]:,AB_TESTING:,C,1604904020162,0,0,pplhlqdv
2020-11-09T06:41:06.369043+00:00,app[web.1]:,AB_TESTING:,A,1604904065135,0,0,hdymoein
2020-11-09T06:41:14.453608+00:00,app[web.1]:,AB_TESTING:,A,1604904065135,1604904073476,mp3,hdymoein
2020-11-09T06:41:15.115198+00:00,app[web.1]:,AB_TESTING:,A,1604904065135,1604904074765,mp4,hdymoein
2020-11-09T06:41:15.737751+00:00,app[web.1]:,AB_TESTING:,A,1604904065135,1604904075391,mp3,hdymoein
2020-11-09T06:41:17.385921+00:00,app[web.1]:,AB_TESTING:,A,1604904065135,1604904077015,mp4,hdymoein
2020-11-09T06:41:22.266288+00:00,app[web.1]:,AB_TESTING:,A,1604904065135,1604904080647,mp4,hdymoein
2020-11-09T06:41:22.789375+00:00,app[web.1]:,AB_TESTING:,A,1604904065135,1604904082433,mp2,hdymoein
2020-11-09T06:41:23.634424+00:00,app[web.1]:,AB_TESTING:,A,1604904065135,1604904083266,mp1,hdymoein
2020-11-09T06:41:28.579347+00:00,app[web.1]:,AB_TESTING:,C,1604904088221,0,0,hdymoein
2020-11-09T06:41:33.294734+00:00,app[web.1]:,AB_TESTING:,A,1604904092941,0,0,hdymoein
2020-11-09T07:45:35.980274+00:00,app[web.1]:,AB_TESTING:,A,1604907934739,0,0,mermohd
2020-11-09T15:12:17.944367+00:00,app[web.1]:,AB_TESTING:,B,1604934737757,0,0,nyelrxgbcg
2020-11-09T15:12:30.152823+00:00,app[web.1]:,AB_TESTING:,B,1604934750126,0,0,fsdgmcfw
2020-11-09T15:12:30.609397+00:00,app[web.1]:,AB_TESTING:,B,1604934750542,0,0,qvhhmrfcehf
2020-11-09T15:12:33.001078+00:00,app[web.1]:,AB_TESTING:,B,1604934750126,1604934752984,mp3,fsdgmcfw
2020-11-09T15:12:34.657139+00:00,app[web.1]:,AB_TESTING:,B,1604934750126,1604934754634,mp4,fsdgmcfw
2020-11-09T15:12:36.421311+00:00,app[web.1]:,AB_TESTING:,B,1604934750126,1604934756406,mp2,fsdgmcfw
2020-11-09T15:12:39.004738+00:00,app[web.1]:,AB_TESTING:,C,1604934758969,0,0,fsdgmcfw
2020-11-09T15:12:39.477139+00:00,app[web.1]:,AB_TESTING:,B,1604934750542,1604934759341,mp1,qvhhmrfcehf
2020-11-09T15:12:39.677701+00:00,app[web.1]:,AB_TESTING:,B,1604934750542,1604934759620,mp1,qvhhmrfcehf
2020-11-09T15:12:39.875524+00:00,app[web.1]:,AB_TESTING:,B,1604934750542,1604934759820,mp1,qvhhmrfcehf
2020-11-09T15:12:40.046516+00:00,app[web.1]:,AB_TESTING:,B,1604934750542,1604934759988,mp1,qvhhmrfcehf
2020-11-09T15:12:40.202756+00:00,app[web.1]:,AB_TESTING:,B,1604934750542,1604934760140,mp1,qvhhmrfcehf
2020-11-09T15:12:40.398306+00:00,app[web.1]:,AB_TESTING:,B,1604934750542,1604934760278,mp1,qvhhmrfcehf
2020-11-09T15:12:40.542474+00:00,app[web.1]:,AB_TESTING:,B,1604934750542,1604934760480,mp1,qvhhmrfcehf
2020-11-09T15:12:40.688508+00:00,app[web.1]:,AB_TESTING:,B,1604934760665,0,0,fsdgmcfw
2020-11-09T15:12:40.787613+00:00,app[web.1]:,AB_TESTING:,B,1604934750542,1604934760732,mp1,qvhhmrfcehf
2020-11-09T15:12:40.931400+00:00,app[web.1]:,AB_TESTING:,B,1604934750542,1604934760872,mp1,qvhhmrfcehf
2020-11-09T15:12:41.211439+00:00,app[web.1]:,AB_TESTING:,B,1604934750542,1604934761148,mp1,qvhhmrfcehf
2020-11-09T15:12:41.461572+00:00,app[web.1]:,AB_TESTING:,B,1604934750542,1604934761404,mp1,qvhhmrfcehf
2020-11-09T15:12:41.630628+00:00,app[web.1]:,AB_TESTING:,B,1604934760665,1604934761610,mp1,fsdgmcfw
2020-11-09T15:12:42.099247+00:00,app[web.1]:,AB_TESTING:,B,1604934750542,1604934761956,mp1,qvhhmrfcehf
2020-11-09T15:12:42.325855+00:00,app[web.1]:,AB_TESTING:,B,1604934750542,1604934762268,mp1,qvhhmrfcehf
2020-11-09T15:12:42.630065+00:00,app[web.1]:,AB_TESTING:,B,1604934750542,1604934762572,mp1,qvhhmrfcehf
2020-11-09T15:12:43.206454+00:00,app[web.1]:,AB_TESTING:,B,1604934750542,1604934763148,mp1,qvhhmrfcehf
2020-11-09T15:12:44.522822+00:00,app[web.1]:,AB_TESTING:,B,1604934760665,1604934762656,mp1,fsdgmcfw
2020-11-09T15:12:45.113158+00:00,app[web.1]:,AB_TESTING:,C,1604934764983,0,0,qvhhmrfcehf
2020-11-09T15:12:46.557292+00:00,app[web.1]:,AB_TESTING:,C,1604934766487,0,0,fsdgmcfw
2020-11-09T15:12:47.656333+00:00,app[web.1]:,AB_TESTING:,B,1604934767628,0,0,fsdgmcfw
2020-11-09T15:12:48.725079+00:00,app[web.1]:,AB_TESTING:,B,1604934767628,1604934768708,mp3,fsdgmcfw
2020-11-09T15:12:48.885406+00:00,app[web.1]:,AB_TESTING:,B,1604934767628,1604934768863,mp3,fsdgmcfw
2020-11-09T15:12:49.028311+00:00,app[web.1]:,AB_TESTING:,B,1604934767628,1604934769009,mp3,fsdgmcfw
2020-11-09T15:12:51.050492+00:00,app[web.1]:,AB_TESTING:,C,1604934771026,0,0,fsdgmcfw
2020-11-09T18:20:05.137083+00:00,app[web.1]:,AB_TESTING:,B,1604946005376,0,0,udxxigm
2020-11-09T18:20:09.116882+00:00,app[web.1]:,AB_TESTING:,B,1604946005376,1604946009511,mp1,udxxigm
2020-11-09T18:20:09.999474+00:00,app[web.1]:,AB_TESTING:,B,1604946005376,1604946010395,mp1,udxxigm
2020-11-09T18:20:10.813599+00:00,app[web.1]:,AB_TESTING:,B,1604946005376,1604946011205,mp1,udxxigm
2020-11-09T18:20:13.009515+00:00,app[web.1]:,AB_TESTING:,B,1604946005376,1604946013398,mp4,udxxigm
2020-11-09T18:20:13.477889+00:00,app[web.1]:,AB_TESTING:,B,1604946005376,1604946013871,mp4,udxxigm
2020-11-09T18:20:14.239268+00:00,app[web.1]:,AB_TESTING:,B,1604946005376,1604946014593,mp4,udxxigm
2020-11-09T18:20:14.732891+00:00,app[web.1]:,AB_TESTING:,B,1604946005376,1604946015120,mp4,udxxigm
2020-11-09T18:20:15.030256+00:00,app[web.1]:,AB_TESTING:,B,1604946005376,1604946015425,mp4,udxxigm
2020-11-09T18:20:15.381589+00:00,app[web.1]:,AB_TESTING:,B,1604946005376,1604946015744,mp4,udxxigm
2020-11-09T18:20:15.918152+00:00,app[web.1]:,AB_TESTING:,B,1604946005376,1604946016313,mp3,udxxigm
2020-11-09T18:20:16.228239+00:00,app[web.1]:,AB_TESTING:,B,1604946005376,1604946016612,mp3,udxxigm
2020-11-09T18:20:16.562064+00:00,app[web.1]:,AB_TESTING:,B,1604946005376,1604946016933,mp3,udxxigm
2020-11-09T18:20:17.777434+00:00,app[web.1]:,AB_TESTING:,B,1604946005376,1604946018151,mp2,udxxigm
2020-11-09T18:20:18.549444+00:00,app[web.1]:,AB_TESTING:,B,1604946005376,1604946018921,mp2,udxxigm
2020-11-09T18:20:18.885055+00:00,app[web.1]:,AB_TESTING:,B,1604946005376,1604946019245,mp2,udxxigm
2020-11-09T18:20:20.553315+00:00,app[web.1]:,AB_TESTING:,C,1604946020915,0,0,udxxigm
2020-11-09T18:26:33.106744+00:00,app[web.1]:,AB_TESTING:,B,1604946392419,0,0,nyelrxgbcg
2020-11-09T18:26:35.784554+00:00,app[web.1]:,AB_TESTING:,B,1604946392419,1604946395640,mp1,nyelrxgbcg
2020-11-09T18:43:14.313502+00:00,app[web.1]:,AB_TESTING:,A,1604947394022,0,0,fkgdmhd
2020-11-09T18:43:22.767292+00:00,app[web.1]:,AB_TESTING:,A,1604947394022,1604947402584,mp2,fkgdmhd
2020-11-09T18:43:25.480599+00:00,app[web.1]:,AB_TESTING:,A,1604947394022,1604947405328,mp3,fkgdmhd
2020-11-09T18:43:26.123597+00:00,app[web.1]:,AB_TESTING:,A,1604947394022,1604947405978,mp4,fkgdmhd
2020-11-09T18:43:26.575395+00:00,app[web.1]:,AB_TESTING:,A,1604947394022,1604947406429,mp4,fkgdmhd
2020-11-09T18:43:27.758051+00:00,app[web.1]:,AB_TESTING:,A,1604947394022,1604947407616,mp4,fkgdmhd
2020-11-09T18:43:29.725017+00:00,app[web.1]:,AB_TESTING:,A,1604947394022,1604947409580,mp3,fkgdmhd
2020-11-09T18:43:30.225705+00:00,app[web.1]:,AB_TESTING:,A,1604947394022,1604947410087,mp3,fkgdmhd
2020-11-09T18:43:30.997089+00:00,app[web.1]:,AB_TESTING:,A,1604947394022,1604947410859,mp4,fkgdmhd
2020-11-09T18:43:33.875979+00:00,app[web.1]:,AB_TESTING:,C,1604947413735,0,0,fkgdmhd
2020-11-09T18:43:37.307945+00:00,app[web.1]:,AB_TESTING:,A,1604947417170,0,0,fkgdmhd
2020-11-09T18:44:34.393036+00:00,app[web.1]:,AB_TESTING:,A,1604947474249,0,0,fkgdmhd
2020-11-09T18:44:43.749680+00:00,app[web.1]:,AB_TESTING:,A,1604947483601,0,0,fkgdmhd
2020-11-09T18:44:46.778011+00:00,app[web.1]:,AB_TESTING:,A,1604947483601,1604947486638,mp1,fkgdmhd
2020-11-09T18:44:49.043659+00:00,app[web.1]:,AB_TESTING:,A,1604947483601,1604947488903,mp4,fkgdmhd
2020-11-09T18:44:49.375095+00:00,app[web.1]:,AB_TESTING:,A,1604947483601,1604947489239,mp4,fkgdmhd
2020-11-09T18:44:49.646200+00:00,app[web.1]:,AB_TESTING:,A,1604947483601,1604947489508,mp4,fkgdmhd
2020-11-09T18:44:49.912856+00:00,app[web.1]:,AB_TESTING:,A,1604947483601,1604947489776,mp4,fkgdmhd
2020-11-09T18:44:50.967009+00:00,app[web.1]:,AB_TESTING:,A,1604947483601,1604947490827,mp4,fkgdmhd
2020-11-09T18:44:51.234991+00:00,app[web.1]:,AB_TESTING:,A,1604947483601,1604947491097,mp4,fkgdmhd
2020-11-09T18:45:27.091813+00:00,app[web.1]:,AB_TESTING:,A,1604947526752,0,0,aslpxpuv
2020-11-09T18:45:29.525809+00:00,app[web.1]:,AB_TESTING:,A,1604947526752,1604947529378,mp4,aslpxpuv
2020-11-09T18:45:30.086109+00:00,app[web.1]:,AB_TESTING:,A,1604947526752,1604947529948,mp4,aslpxpuv
2020-11-09T18:45:31.657515+00:00,app[web.1]:,AB_TESTING:,A,1604947526752,1604947531514,mp3,aslpxpuv
2020-11-09T18:45:32.366930+00:00,app[web.1]:,AB_TESTING:,A,1604947526752,1604947532214,mp4,aslpxpuv
2020-11-09T18:45:33.180967+00:00,app[web.1]:,AB_TESTING:,A,1604947526752,1604947533043,mp4,aslpxpuv
2020-11-09T18:45:33.960286+00:00,app[web.1]:,AB_TESTING:,A,1604947526752,1604947533822,mp4,aslpxpuv
2020-11-09T18:45:35.464518+00:00,app[web.1]:,AB_TESTING:,A,1604947526752,1604947535322,mp2,aslpxpuv
2020-11-09T18:45:36.422400+00:00,app[web.1]:,AB_TESTING:,A,1604947526752,1604947536283,mp1,aslpxpuv
2020-11-09T18:45:39.353121+00:00,app[web.1]:,AB_TESTING:,C,1604947539210,0,0,aslpxpuv
2020-11-09T18:45:50.667034+00:00,app[web.1]:,AB_TESTING:,A,1604947550519,0,0,aslpxpuv
2020-11-09T18:45:54.505524+00:00,app[web.1]:,AB_TESTING:,A,1604947550519,1604947554366,mp1,aslpxpuv
2020-11-09T18:45:55.862682+00:00,app[web.1]:,AB_TESTING:,A,1604947550519,1604947555725,mp3,aslpxpuv
2020-11-09T18:45:56.462053+00:00,app[web.1]:,AB_TESTING:,A,1604947550519,1604947556322,mp3,aslpxpuv
2020-11-09T18:45:58.147101+00:00,app[web.1]:,AB_TESTING:,A,1604947550519,1604947558007,mp4,aslpxpuv
2020-11-09T18:46:01.105279+00:00,app[web.1]:,AB_TESTING:,A,1604947550519,1604947560964,mp4,aslpxpuv
2020-11-09T18:46:02.519468+00:00,app[web.1]:,AB_TESTING:,A,1604947550519,1604947562382,mp4,aslpxpuv
2020-11-09T18:46:03.510954+00:00,app[web.1]:,AB_TESTING:,A,1604947550519,1604947563371,mp4,aslpxpuv
2020-11-09T18:46:05.880136+00:00,app[web.1]:,AB_TESTING:,A,1604947550519,1604947565742,mp4,aslpxpuv
2020-11-09T18:46:07.626185+00:00,app[web.1]:,AB_TESTING:,C,1604947567485,0,0,aslpxpuv
2020-11-09T18:46:10.388922+00:00,app[web.1]:,AB_TESTING:,A,1604947570252,0,0,aslpxpuv
2020-11-09T18:46:52.820606+00:00,app[web.1]:,AB_TESTING:,A,1604947612530,0,0,ywnsaeqik
2020-11-09T18:46:56.733683+00:00,app[web.1]:,AB_TESTING:,A,1604947612530,1604947616588,mp4,ywnsaeqik
2020-11-09T18:46:58.646290+00:00,app[web.1]:,AB_TESTING:,A,1604947612530,1604947618501,mp2,ywnsaeqik
2020-11-09T18:47:00.678587+00:00,app[web.1]:,AB_TESTING:,A,1604947612530,1604947620533,mp3,ywnsaeqik
2020-11-09T18:47:01.040608+00:00,app[web.1]:,AB_TESTING:,A,1604947612530,1604947620900,mp3,ywnsaeqik
2020-11-09T18:47:01.357595+00:00,app[web.1]:,AB_TESTING:,A,1604947612530,1604947621215,mp3,ywnsaeqik
2020-11-09T18:47:01.707223+00:00,app[web.1]:,AB_TESTING:,A,1604947612530,1604947621554,mp3,ywnsaeqik
2020-11-09T18:47:02.096676+00:00,app[web.1]:,AB_TESTING:,A,1604947612530,1604947621955,mp3,ywnsaeqik
2020-11-09T18:47:02.401193+00:00,app[web.1]:,AB_TESTING:,A,1604947612530,1604947622258,mp3,ywnsaeqik
2020-11-09T18:47:02.708346+00:00,app[web.1]:,AB_TESTING:,A,1604947612530,1604947622566,mp3,ywnsaeqik
2020-11-09T18:47:03.023239+00:00,app[web.1]:,AB_TESTING:,A,1604947612530,1604947622877,mp3,ywnsaeqik
2020-11-09T18:47:03.323453+00:00,app[web.1]:,AB_TESTING:,A,1604947612530,1604947623179,mp3,ywnsaeqik
2020-11-09T18:47:04.058016+00:00,app[web.1]:,AB_TESTING:,A,1604947612530,1604947623915,mp3,ywnsaeqik
2020-11-09T18:47:06.608198+00:00,app[web.1]:,AB_TESTING:,C,1604947626466,0,0,ywnsaeqik
2020-11-09T18:47:09.199585+00:00,app[web.1]:,AB_TESTING:,A,1604947629056,0,0,ywnsaeqik
2020-11-09T18:47:29.337806+00:00,app[web.1]:,AB_TESTING:,A,1604947649035,0,0,ilbyxkhi
2020-11-09T18:47:38.587466+00:00,app[web.1]:,AB_TESTING:,A,1604947649035,1604947658446,mp3,ilbyxkhi
2020-11-09T18:47:39.830273+00:00,app[web.1]:,AB_TESTING:,A,1604947649035,1604947659692,mp4,ilbyxkhi
2020-11-09T18:47:40.234073+00:00,app[web.1]:,AB_TESTING:,A,1604947649035,1604947660100,mp4,ilbyxkhi
2020-11-09T18:47:40.502387+00:00,app[web.1]:,AB_TESTING:,A,1604947649035,1604947660369,mp4,ilbyxkhi
2020-11-09T18:47:40.796147+00:00,app[web.1]:,AB_TESTING:,A,1604947649035,1604947660664,mp4,ilbyxkhi
2020-11-09T18:47:41.061820+00:00,app[web.1]:,AB_TESTING:,A,1604947649035,1604947660928,mp4,ilbyxkhi
2020-11-09T18:47:41.963962+00:00,app[web.1]:,AB_TESTING:,A,1604947649035,1604947661813,mp2,ilbyxkhi
2020-11-09T18:47:42.264036+00:00,app[web.1]:,AB_TESTING:,A,1604947649035,1604947662131,mp2,ilbyxkhi
2020-11-09T18:47:42.557527+00:00,app[web.1]:,AB_TESTING:,A,1604947649035,1604947662424,mp2,ilbyxkhi
2020-11-09T18:47:43.109292+00:00,app[web.1]:,AB_TESTING:,A,1604947649035,1604947662969,mp2,ilbyxkhi
2020-11-09T18:47:43.376367+00:00,app[web.1]:,AB_TESTING:,A,1604947649035,1604947663241,mp2,ilbyxkhi
2020-11-09T18:47:43.713684+00:00,app[web.1]:,AB_TESTING:,A,1604947649035,1604947663578,mp2,ilbyxkhi
2020-11-09T18:47:43.978536+00:00,app[web.1]:,AB_TESTING:,A,1604947649035,1604947663844,mp2,ilbyxkhi
2020-11-09T18:47:44.323414+00:00,app[web.1]:,AB_TESTING:,A,1604947649035,1604947664189,mp2,ilbyxkhi
2020-11-09T18:47:44.592612+00:00,app[web.1]:,AB_TESTING:,A,1604947649035,1604947664456,mp2,ilbyxkhi
2020-11-09T18:47:45.858153+00:00,app[web.1]:,AB_TESTING:,C,1604947665723,0,0,ilbyxkhi
2020-11-09T18:47:47.607903+00:00,app[web.1]:,AB_TESTING:,A,1604947667468,0,0,ilbyxkhi
2020-11-09T18:48:23.555857+00:00,app[web.1]:,AB_TESTING:,B,1604947703277,0,0,bpbcskjuc
2020-11-09T18:48:43.663552+00:00,app[web.1]:,AB_TESTING:,B,1604947703277,1604947723526,mp4,bpbcskjuc
2020-11-09T18:48:45.571382+00:00,app[web.1]:,AB_TESTING:,B,1604947703277,1604947725435,mp3,bpbcskjuc
2020-11-09T18:48:47.828506+00:00,app[web.1]:,AB_TESTING:,B,1604947703277,1604947727688,mp2,bpbcskjuc
2020-11-09T18:48:50.603880+00:00,app[web.1]:,AB_TESTING:,B,1604947703277,1604947730459,mp4,bpbcskjuc
2020-11-09T18:48:51.023639+00:00,app[web.1]:,AB_TESTING:,B,1604947703277,1604947730885,mp4,bpbcskjuc
2020-11-09T18:48:51.380639+00:00,app[web.1]:,AB_TESTING:,B,1604947703277,1604947731248,mp4,bpbcskjuc
2020-11-09T18:48:55.239242+00:00,app[web.1]:,AB_TESTING:,B,1604947703277,1604947735102,mp4,bpbcskjuc
2020-11-09T18:48:55.716372+00:00,app[web.1]:,AB_TESTING:,B,1604947703277,1604947735504,mp4,bpbcskjuc
2020-11-09T18:48:55.994455+00:00,app[web.1]:,AB_TESTING:,B,1604947703277,1604947735850,mp4,bpbcskjuc
2020-11-09T18:48:56.331049+00:00,app[web.1]:,AB_TESTING:,B,1604947703277,1604947736165,mp4,bpbcskjuc
2020-11-09T18:48:56.725042+00:00,app[web.1]:,AB_TESTING:,B,1604947703277,1604947736461,mp4,bpbcskjuc
2020-11-09T18:48:57.047702+00:00,app[web.1]:,AB_TESTING:,B,1604947703277,1604947736912,mp4,bpbcskjuc
2020-11-09T18:48:57.424531+00:00,app[web.1]:,AB_TESTING:,B,1604947703277,1604947737262,mp4,bpbcskjuc
2020-11-09T18:48:57.752440+00:00,app[web.1]:,AB_TESTING:,B,1604947703277,1604947737617,mp4,bpbcskjuc
2020-11-09T18:48:58.068175+00:00,app[web.1]:,AB_TESTING:,B,1604947703277,1604947737927,mp4,bpbcskjuc
2020-11-09T18:48:58.412848+00:00,app[web.1]:,AB_TESTING:,B,1604947703277,1604947738277,mp4,bpbcskjuc
2020-11-09T18:48:59.248259+00:00,app[web.1]:,AB_TESTING:,C,1604947739112,0,0,bpbcskjuc
2020-11-09T18:49:01.648915+00:00,app[web.1]:,AB_TESTING:,B,1604947741501,0,0,bpbcskjuc
2020-11-09T18:49:16.199749+00:00,app[web.1]:,AB_TESTING:,A,1604947755872,0,0,aqzrh
2020-11-09T18:49:22.351010+00:00,app[web.1]:,AB_TESTING:,A,1604947755872,1604947762208,mp4,aqzrh
2020-11-09T18:49:23.293103+00:00,app[web.1]:,AB_TESTING:,A,1604947755872,1604947763148,mp3,aqzrh
2020-11-09T18:49:23.973415+00:00,app[web.1]:,AB_TESTING:,A,1604947755872,1604947763833,mp2,aqzrh
2020-11-09T18:49:25.127790+00:00,app[web.1]:,AB_TESTING:,A,1604947755872,1604947764987,mp1,aqzrh
2020-11-09T18:49:26.623380+00:00,app[web.1]:,AB_TESTING:,A,1604947755872,1604947766484,mp2,aqzrh
2020-11-09T18:49:27.323572+00:00,app[web.1]:,AB_TESTING:,A,1604947755872,1604947767184,mp3,aqzrh
2020-11-09T18:49:27.903712+00:00,app[web.1]:,AB_TESTING:,A,1604947755872,1604947767757,mp3,aqzrh
2020-11-09T18:49:28.873189+00:00,app[web.1]:,AB_TESTING:,A,1604947755872,1604947768731,mp2,aqzrh
2020-11-09T18:49:30.377902+00:00,app[web.1]:,AB_TESTING:,C,1604947770234,0,0,aqzrh
2020-11-09T18:49:32.886078+00:00,app[web.1]:,AB_TESTING:,A,1604947772746,0,0,aqzrh
2020-11-09T18:49:35.528705+00:00,app[web.1]:,AB_TESTING:,A,1604947772746,1604947775384,mp3,aqzrh
2020-11-09T18:49:37.212750+00:00,app[web.1]:,AB_TESTING:,C,1604947777072,0,0,aqzrh
2020-11-09T18:49:48.182868+00:00,app[web.1]:,AB_TESTING:,A,1604947788036,0,0,fneiuiyhba
2020-11-09T18:49:51.385296+00:00,app[web.1]:,AB_TESTING:,A,1604947788036,1604947789798,mp2,fneiuiyhba
2020-11-09T18:49:51.725103+00:00,app[web.1]:,AB_TESTING:,A,1604947788036,1604947791558,mp2,fneiuiyhba
2020-11-09T18:49:53.323510+00:00,app[web.1]:,AB_TESTING:,A,1604947788036,1604947793183,mp3,fneiuiyhba
2020-11-09T18:49:54.813709+00:00,app[web.1]:,AB_TESTING:,A,1604947788036,1604947794672,mp3,fneiuiyhba
2020-11-09T18:49:55.138100+00:00,app[web.1]:,AB_TESTING:,A,1604947788036,1604947794986,mp3,fneiuiyhba
2020-11-09T18:49:55.433234+00:00,app[web.1]:,AB_TESTING:,A,1604947788036,1604947795294,mp3,fneiuiyhba
2020-11-09T18:49:58.329829+00:00,app[web.1]:,AB_TESTING:,A,1604947788036,1604947798177,mp3,fneiuiyhba
2020-11-09T18:49:59.638901+00:00,app[web.1]:,AB_TESTING:,C,1604947799497,0,0,fneiuiyhba
2020-11-09T18:50:05.781103+00:00,app[web.1]:,AB_TESTING:,A,1604947805639,0,0,fneiuiyhba
2020-11-09T18:51:51.423785+00:00,app[web.1]:,AB_TESTING:,A,1604947911285,0,0,nyelrxgbcg
2020-11-09T18:59:15.491174+00:00,app[web.1]:,AB_TESTING:,B,1604948355021,0,0,nyiiusi
2020-11-09T18:59:22.864966+00:00,app[web.1]:,AB_TESTING:,B,1604948355021,1604948362721,mp3,nyiiusi
2020-11-09T18:59:24.022351+00:00,app[web.1]:,AB_TESTING:,B,1604948355021,1604948363879,mp4,nyiiusi
2020-11-09T18:59:24.572612+00:00,app[web.1]:,AB_TESTING:,B,1604948355021,1604948364432,mp4,nyiiusi
2020-11-09T18:59:24.982709+00:00,app[web.1]:,AB_TESTING:,B,1604948355021,1604948364842,mp4,nyiiusi
2020-11-09T18:59:25.258836+00:00,app[web.1]:,AB_TESTING:,B,1604948355021,1604948365115,mp4,nyiiusi
2020-11-09T18:59:25.532720+00:00,app[web.1]:,AB_TESTING:,B,1604948355021,1604948365391,mp4,nyiiusi
2020-11-09T18:59:25.804575+00:00,app[web.1]:,AB_TESTING:,B,1604948355021,1604948365665,mp4,nyiiusi
2020-11-09T18:59:28.056250+00:00,app[web.1]:,AB_TESTING:,C,1604948367916,0,0,nyiiusi
2020-11-09T18:59:30.036942+00:00,app[web.1]:,AB_TESTING:,B,1604948369894,0,0,nyiiusi
2020-11-09T18:59:40.065472+00:00,app[web.1]:,AB_TESTING:,B,1604948379719,0,0,laphwlfjh
2020-11-09T18:59:42.710652+00:00,app[web.1]:,AB_TESTING:,B,1604948379719,1604948382572,mp3,laphwlfjh
2020-11-09T18:59:43.907212+00:00,app[web.1]:,AB_TESTING:,B,1604948379719,1604948383770,mp1,laphwlfjh
2020-11-09T18:59:45.245975+00:00,app[web.1]:,AB_TESTING:,B,1604948379719,1604948385104,mp2,laphwlfjh
2020-11-09T18:59:45.702992+00:00,app[web.1]:,AB_TESTING:,B,1604948379719,1604948385554,mp2,laphwlfjh
2020-11-09T18:59:46.085340+00:00,app[web.1]:,AB_TESTING:,B,1604948379719,1604948385876,mp2,laphwlfjh
2020-11-09T18:59:46.880507+00:00,app[web.1]:,AB_TESTING:,B,1604948379719,1604948386737,mp3,laphwlfjh
2020-11-09T18:59:48.480450+00:00,app[web.1]:,AB_TESTING:,B,1604948379719,1604948388335,mp4,laphwlfjh
2020-11-09T18:59:48.799130+00:00,app[web.1]:,AB_TESTING:,B,1604948379719,1604948388659,mp4,laphwlfjh
2020-11-09T18:59:50.631207+00:00,app[web.1]:,AB_TESTING:,C,1604948390485,0,0,laphwlfjh
2020-11-09T18:59:52.930612+00:00,app[web.1]:,AB_TESTING:,B,1604948392787,0,0,laphwlfjh
2020-11-09T19:00:02.904501+00:00,app[web.1]:,AB_TESTING:,A,1604948402660,0,0,zvzyefw
2020-11-09T19:00:03.137221+00:00,app[web.1]:,AB_TESTING:,A,1604948402937,0,0,zvzyefw
2020-11-09T19:00:07.691137+00:00,app[web.1]:,AB_TESTING:,A,1604948402660,1604948407550,mp4,zvzyefw
2020-11-09T19:00:09.957624+00:00,app[web.1]:,AB_TESTING:,A,1604948402660,1604948409812,mp4,zvzyefw
2020-11-09T19:00:10.229349+00:00,app[web.1]:,AB_TESTING:,A,1604948402660,1604948410092,mp4,zvzyefw
2020-11-09T19:00:10.535470+00:00,app[web.1]:,AB_TESTING:,A,1604948402660,1604948410396,mp4,zvzyefw
2020-11-09T19:00:10.936021+00:00,app[web.1]:,AB_TESTING:,A,1604948402660,1604948410796,mp4,zvzyefw
2020-11-09T19:00:11.229613+00:00,app[web.1]:,AB_TESTING:,A,1604948402660,1604948411086,mp4,zvzyefw
2020-11-09T19:00:11.531097+00:00,app[web.1]:,AB_TESTING:,A,1604948402660,1604948411392,mp4,zvzyefw
2020-11-09T19:00:11.803604+00:00,app[web.1]:,AB_TESTING:,A,1604948402660,1604948411663,mp4,zvzyefw
2020-11-09T19:00:12.076631+00:00,app[web.1]:,AB_TESTING:,A,1604948402660,1604948411937,mp4,zvzyefw
2020-11-09T19:00:12.345121+00:00,app[web.1]:,AB_TESTING:,A,1604948402660,1604948412206,mp4,zvzyefw
2020-11-09T19:00:12.618004+00:00,app[web.1]:,AB_TESTING:,A,1604948402660,1604948412477,mp4,zvzyefw
2020-11-09T19:00:12.890781+00:00,app[web.1]:,AB_TESTING:,A,1604948402660,1604948412751,mp4,zvzyefw
2020-11-09T19:00:13.159247+00:00,app[web.1]:,AB_TESTING:,A,1604948402660,1604948413020,mp4,zvzyefw
2020-11-09T19:00:13.428096+00:00,app[web.1]:,AB_TESTING:,A,1604948402660,1604948413288,mp4,zvzyefw
2020-11-09T19:00:14.658119+00:00,app[web.1]:,AB_TESTING:,C,1604948414519,0,0,zvzyefw
2020-11-09T19:00:16.601651+00:00,app[web.1]:,AB_TESTING:,A,1604948416461,0,0,zvzyefw
2020-11-09T19:03:12.875442+00:00,app[web.1]:,AB_TESTING:,A,1604948592731,0,0,nyelrxgbcg
2020-11-09T19:03:17.636761+00:00,app[web.1]:,AB_TESTING:,B,1604948597329,0,0,vzvqnmdrg
2020-11-09T19:03:40.790838+00:00,app[web.1]:,AB_TESTING:,B,1604948597329,1604948620644,mp3,vzvqnmdrg
2020-11-09T19:03:42.990062+00:00,app[web.1]:,AB_TESTING:,B,1604948597329,1604948622847,mp1,vzvqnmdrg
2020-11-09T19:03:43.351345+00:00,app[web.1]:,AB_TESTING:,B,1604948597329,1604948623213,mp1,vzvqnmdrg
2020-11-09T19:03:45.236649+00:00,app[web.1]:,AB_TESTING:,B,1604948597329,1604948625097,mp4,vzvqnmdrg
2020-11-09T19:03:45.774350+00:00,app[web.1]:,AB_TESTING:,B,1604948597329,1604948625636,mp4,vzvqnmdrg
2020-11-09T19:03:46.126865+00:00,app[web.1]:,AB_TESTING:,B,1604948597329,1604948625988,mp4,vzvqnmdrg
2020-11-09T19:03:46.422783+00:00,app[web.1]:,AB_TESTING:,B,1604948597329,1604948626286,mp4,vzvqnmdrg
2020-11-09T19:03:46.731606+00:00,app[web.1]:,AB_TESTING:,B,1604948597329,1604948626589,mp4,vzvqnmdrg
2020-11-09T19:03:47.039776+00:00,app[web.1]:,AB_TESTING:,B,1604948597329,1604948626901,mp4,vzvqnmdrg
2020-11-09T19:03:48.031593+00:00,app[web.1]:,AB_TESTING:,B,1604948597329,1604948627886,mp2,vzvqnmdrg
2020-11-09T19:03:50.516934+00:00,app[web.1]:,AB_TESTING:,C,1604948630374,0,0,vzvqnmdrg
2020-11-09T19:03:52.291368+00:00,app[web.1]:,AB_TESTING:,B,1604948632150,0,0,vzvqnmdrg
2020-11-09T19:06:16.472722+00:00,app[web.1]:,AB_TESTING:,C,1604948776334,0,0,vzvqnmdrg
2020-11-09T19:06:26.824606+00:00,app[web.1]:,AB_TESTING:,B,1604948786513,0,0,xgkfikka
2020-11-09T19:06:32.059053+00:00,app[web.1]:,AB_TESTING:,B,1604948786513,1604948791909,mp2,xgkfikka
2020-11-09T19:06:33.207151+00:00,app[web.1]:,AB_TESTING:,B,1604948786513,1604948793058,mp4,xgkfikka
2020-11-09T19:06:34.588495+00:00,app[web.1]:,AB_TESTING:,B,1604948786513,1604948794442,mp4,xgkfikka
2020-11-09T19:06:34.932792+00:00,app[web.1]:,AB_TESTING:,B,1604948786513,1604948794789,mp4,xgkfikka
2020-11-09T19:06:35.309835+00:00,app[web.1]:,AB_TESTING:,B,1604948786513,1604948795167,mp4,xgkfikka
2020-11-09T19:06:35.620125+00:00,app[web.1]:,AB_TESTING:,B,1604948786513,1604948795476,mp4,xgkfikka
2020-11-09T19:06:36.447035+00:00,app[web.1]:,AB_TESTING:,B,1604948786513,1604948796302,mp4,xgkfikka
2020-11-09T19:06:37.669781+00:00,app[web.1]:,AB_TESTING:,C,1604948797526,0,0,xgkfikka
2020-11-09T19:06:39.665184+00:00,app[web.1]:,AB_TESTING:,B,1604948799520,0,0,xgkfikka
2020-11-09T19:06:48.540509+00:00,app[web.1]:,AB_TESTING:,A,1604948808398,0,0,ydjerdakv
2020-11-09T19:06:51.396716+00:00,app[web.1]:,AB_TESTING:,A,1604948808398,1604948811249,mp2,ydjerdakv
2020-11-09T19:06:53.685046+00:00,app[web.1]:,AB_TESTING:,A,1604948808398,1604948813530,mp3,ydjerdakv
2020-11-09T19:06:56.348599+00:00,app[web.1]:,AB_TESTING:,A,1604948808398,1604948816204,mp1,ydjerdakv
2020-11-09T19:06:57.155351+00:00,app[web.1]:,AB_TESTING:,A,1604948808398,1604948817004,mp1,ydjerdakv
2020-11-09T19:06:57.520052+00:00,app[web.1]:,AB_TESTING:,A,1604948808398,1604948817375,mp1,ydjerdakv
2020-11-09T19:06:57.817941+00:00,app[web.1]:,AB_TESTING:,A,1604948808398,1604948817671,mp1,ydjerdakv
2020-11-09T19:06:58.097305+00:00,app[web.1]:,AB_TESTING:,A,1604948808398,1604948817949,mp1,ydjerdakv
2020-11-09T19:06:58.387621+00:00,app[web.1]:,AB_TESTING:,A,1604948808398,1604948818237,mp1,ydjerdakv
2020-11-09T19:06:58.665403+00:00,app[web.1]:,AB_TESTING:,A,1604948808398,1604948818522,mp1,ydjerdakv
2020-11-09T19:06:58.937943+00:00,app[web.1]:,AB_TESTING:,A,1604948808398,1604948818794,mp1,ydjerdakv
2020-11-09T19:06:59.214245+00:00,app[web.1]:,AB_TESTING:,A,1604948808398,1604948819067,mp1,ydjerdakv
2020-11-09T19:06:59.492997+00:00,app[web.1]:,AB_TESTING:,A,1604948808398,1604948819349,mp1,ydjerdakv
2020-11-09T19:06:59.766558+00:00,app[web.1]:,AB_TESTING:,A,1604948808398,1604948819623,mp1,ydjerdakv
2020-11-09T19:07:00.540113+00:00,app[web.1]:,AB_TESTING:,C,1604948820388,0,0,ydjerdakv
2020-11-09T19:07:12.930100+00:00,app[web.1]:,AB_TESTING:,A,1604948832613,0,0,onmrbqyxc
2020-11-09T19:07:22.845367+00:00,app[web.1]:,AB_TESTING:,A,1604948832613,1604948842699,mp3,onmrbqyxc
2020-11-09T19:07:26.529175+00:00,app[web.1]:,AB_TESTING:,A,1604948832613,1604948846384,mp2,onmrbqyxc
2020-11-09T19:07:27.050593+00:00,app[web.1]:,AB_TESTING:,A,1604948832613,1604948846907,mp2,onmrbqyxc
2020-11-09T19:07:27.992265+00:00,app[web.1]:,AB_TESTING:,A,1604948832613,1604948847848,mp3,onmrbqyxc
2020-11-09T19:07:28.305034+00:00,app[web.1]:,AB_TESTING:,A,1604948832613,1604948848164,mp3,onmrbqyxc
2020-11-09T19:07:28.848920+00:00,app[web.1]:,AB_TESTING:,A,1604948832613,1604948848706,mp3,onmrbqyxc
2020-11-09T19:07:29.120647+00:00,app[web.1]:,AB_TESTING:,A,1604948832613,1604948848980,mp3,onmrbqyxc
2020-11-09T19:07:30.476390+00:00,app[web.1]:,AB_TESTING:,A,1604948832613,1604948850333,mp4,onmrbqyxc
2020-11-09T19:07:31.336486+00:00,app[web.1]:,AB_TESTING:,A,1604948832613,1604948851193,mp4,onmrbqyxc
2020-11-09T19:07:33.045399+00:00,app[web.1]:,AB_TESTING:,C,1604948852900,0,0,onmrbqyxc
2020-11-09T19:07:35.038248+00:00,app[web.1]:,AB_TESTING:,A,1604948854895,0,0,onmrbqyxc
2020-11-09T19:07:53.911544+00:00,app[web.1]:,AB_TESTING:,B,1604948873599,0,0,wqhskft
2020-11-09T19:07:57.186210+00:00,app[web.1]:,AB_TESTING:,B,1604948873599,1604948877053,mp3,wqhskft
2020-11-09T19:07:59.002640+00:00,app[web.1]:,AB_TESTING:,B,1604948873599,1604948878865,mp2,wqhskft
2020-11-09T19:07:59.324786+00:00,app[web.1]:,AB_TESTING:,B,1604948873599,1604948879192,mp2,wqhskft
2020-11-09T19:07:59.640054+00:00,app[web.1]:,AB_TESTING:,B,1604948873599,1604948879503,mp2,wqhskft
2020-11-09T19:07:59.936715+00:00,app[web.1]:,AB_TESTING:,B,1604948873599,1604948879805,mp2,wqhskft
2020-11-09T19:08:00.211788+00:00,app[web.1]:,AB_TESTING:,B,1604948873599,1604948880075,mp2,wqhskft
2020-11-09T19:08:01.471876+00:00,app[web.1]:,AB_TESTING:,B,1604948873599,1604948881338,mp2,wqhskft
2020-11-09T19:08:01.748198+00:00,app[web.1]:,AB_TESTING:,B,1604948873599,1604948881608,mp2,wqhskft
2020-11-09T19:08:02.020074+00:00,app[web.1]:,AB_TESTING:,B,1604948873599,1604948881885,mp2,wqhskft
2020-11-09T19:08:02.292121+00:00,app[web.1]:,AB_TESTING:,B,1604948873599,1604948882156,mp2,wqhskft
2020-11-09T19:08:02.562021+00:00,app[web.1]:,AB_TESTING:,B,1604948873599,1604948882429,mp2,wqhskft
2020-11-09T19:08:03.612211+00:00,app[web.1]:,AB_TESTING:,C,1604948883474,0,0,wqhskft
2020-11-09T19:08:05.756641+00:00,app[web.1]:,AB_TESTING:,B,1604948885621,0,0,wqhskft
2020-11-09T19:08:19.799756+00:00,app[web.1]:,AB_TESTING:,A,1604948899514,0,0,ewaaggk
2020-11-09T19:08:26.538118+00:00,app[web.1]:,AB_TESTING:,A,1604948899514,1604948906401,mp3,ewaaggk
2020-11-09T19:08:27.556923+00:00,app[web.1]:,AB_TESTING:,A,1604948899514,1604948907414,mp4,ewaaggk
2020-11-09T19:08:28.507563+00:00,app[web.1]:,AB_TESTING:,A,1604948899514,1604948908368,mp4,ewaaggk
2020-11-09T19:08:29.249778+00:00,app[web.1]:,AB_TESTING:,A,1604948899514,1604948909114,mp4,ewaaggk
2020-11-09T19:08:29.707604+00:00,app[web.1]:,AB_TESTING:,A,1604948899514,1604948909573,mp4,ewaaggk
2020-11-09T19:08:29.977551+00:00,app[web.1]:,AB_TESTING:,A,1604948899514,1604948909840,mp4,ewaaggk
2020-11-09T19:08:30.591438+00:00,app[web.1]:,AB_TESTING:,A,1604948899514,1604948910456,mp4,ewaaggk
2020-11-09T19:08:32.962421+00:00,app[web.1]:,AB_TESTING:,C,1604948912816,0,0,ewaaggk
2020-11-09T19:08:35.019737+00:00,app[web.1]:,AB_TESTING:,A,1604948914873,0,0,ewaaggk
2020-11-09T19:08:46.392348+00:00,app[web.1]:,AB_TESTING:,A,1604948926098,0,0,snkebtbas
2020-11-09T19:08:53.047267+00:00,app[web.1]:,AB_TESTING:,A,1604948926098,1604948932912,mp1,snkebtbas
2020-11-09T19:08:55.378277+00:00,app[web.1]:,AB_TESTING:,A,1604948926098,1604948935236,mp3,snkebtbas
2020-11-09T19:08:56.473197+00:00,app[web.1]:,AB_TESTING:,A,1604948926098,1604948936332,mp3,snkebtbas
2020-11-09T19:08:57.544587+00:00,app[web.1]:,AB_TESTING:,A,1604948926098,1604948937379,mp3,snkebtbas
2020-11-09T19:09:00.879841+00:00,app[web.1]:,AB_TESTING:,A,1604948926098,1604948940744,mp2,snkebtbas
2020-11-09T19:09:02.207822+00:00,app[web.1]:,AB_TESTING:,C,1604948942074,0,0,snkebtbas
2020-11-09T19:09:04.124890+00:00,app[web.1]:,AB_TESTING:,A,1604948943988,0,0,snkebtbas
2020-11-09T19:09:05.396474+00:00,app[web.1]:,AB_TESTING:,A,1604948943988,1604948945257,mp4,snkebtbas
2020-11-09T19:09:05.704117+00:00,app[web.1]:,AB_TESTING:,A,1604948943988,1604948945570,mp4,snkebtbas
2020-11-09T19:09:06.010105+00:00,app[web.1]:,AB_TESTING:,A,1604948943988,1604948945878,mp4,snkebtbas
2020-11-09T19:09:06.353383+00:00,app[web.1]:,AB_TESTING:,A,1604948943988,1604948946217,mp4,snkebtbas
2020-11-09T19:09:07.569088+00:00,app[web.1]:,AB_TESTING:,C,1604948947430,0,0,snkebtbas
2020-11-09T19:09:11.647884+00:00,app[web.1]:,AB_TESTING:,A,1604948951514,0,0,snkebtbas
2020-11-09T19:09:20.715604+00:00,app[web.1]:,AB_TESTING:,A,1604948959934,0,0,gywzmxmnyu
2020-11-09T19:09:37.058360+00:00,app[web.1]:,AB_TESTING:,A,1604948959934,1604948976919,mp4,gywzmxmnyu
2020-11-09T19:09:40.345561+00:00,app[web.1]:,AB_TESTING:,A,1604948959934,1604948980204,mp3,gywzmxmnyu
2020-11-09T19:09:43.432301+00:00,app[web.1]:,AB_TESTING:,A,1604948959934,1604948983294,mp4,gywzmxmnyu
2020-11-09T19:09:43.884379+00:00,app[web.1]:,AB_TESTING:,A,1604948959934,1604948983748,mp4,gywzmxmnyu
2020-11-09T19:09:44.175432+00:00,app[web.1]:,AB_TESTING:,A,1604948959934,1604948984043,mp4,gywzmxmnyu
2020-11-09T19:09:44.448519+00:00,app[web.1]:,AB_TESTING:,A,1604948959934,1604948984318,mp4,gywzmxmnyu
2020-11-09T19:09:44.719088+00:00,app[web.1]:,AB_TESTING:,A,1604948959934,1604948984585,mp4,gywzmxmnyu
2020-11-09T19:09:44.992415+00:00,app[web.1]:,AB_TESTING:,A,1604948959934,1604948984859,mp4,gywzmxmnyu
2020-11-09T19:09:45.281388+00:00,app[web.1]:,AB_TESTING:,A,1604948959934,1604948985148,mp4,gywzmxmnyu
2020-11-09T19:09:45.551379+00:00,app[web.1]:,AB_TESTING:,A,1604948959934,1604948985418,mp4,gywzmxmnyu
2020-11-09T19:09:45.820693+00:00,app[web.1]:,AB_TESTING:,A,1604948959934,1604948985688,mp4,gywzmxmnyu
2020-11-09T19:09:46.090441+00:00,app[web.1]:,AB_TESTING:,A,1604948959934,1604948985957,mp4,gywzmxmnyu
2020-11-09T19:09:46.363618+00:00,app[web.1]:,AB_TESTING:,A,1604948959934,1604948986228,mp4,gywzmxmnyu
2020-11-09T19:09:46.630659+00:00,app[web.1]:,AB_TESTING:,A,1604948959934,1604948986497,mp4,gywzmxmnyu
2020-11-09T19:09:46.902968+00:00,app[web.1]:,AB_TESTING:,A,1604948959934,1604948986769,mp4,gywzmxmnyu
2020-11-09T19:09:48.201883+00:00,app[web.1]:,AB_TESTING:,C,1604948988060,0,0,gywzmxmnyu
2020-11-09T19:09:49.824685+00:00,app[web.1]:,AB_TESTING:,A,1604948989687,0,0,gywzmxmnyu
2020-11-09T19:10:02.395976+00:00,app[web.1]:,AB_TESTING:,B,1604949002108,0,0,pbdah
2020-11-09T19:10:05.830802+00:00,app[web.1]:,AB_TESTING:,B,1604949002108,1604949005685,mp2,pbdah
2020-11-09T19:10:06.989456+00:00,app[web.1]:,AB_TESTING:,B,1604949002108,1604949006847,mp1,pbdah
2020-11-09T19:10:08.155056+00:00,app[web.1]:,AB_TESTING:,B,1604949002108,1604949008013,mp3,pbdah
2020-11-09T19:10:08.503585+00:00,app[web.1]:,AB_TESTING:,B,1604949002108,1604949008365,mp3,pbdah
2020-11-09T19:10:08.771043+00:00,app[web.1]:,AB_TESTING:,B,1604949002108,1604949008633,mp3,pbdah
2020-11-09T19:10:09.124913+00:00,app[web.1]:,AB_TESTING:,B,1604949002108,1604949008987,mp3,pbdah
2020-11-09T19:10:09.400857+00:00,app[web.1]:,AB_TESTING:,B,1604949002108,1604949009256,mp3,pbdah
2020-11-09T19:10:09.718265+00:00,app[web.1]:,AB_TESTING:,B,1604949002108,1604949009583,mp3,pbdah
2020-11-09T19:10:11.711182+00:00,app[web.1]:,AB_TESTING:,C,1604949011570,0,0,pbdah
2020-11-09T19:10:15.316241+00:00,app[web.1]:,AB_TESTING:,B,1604949015174,0,0,pbdah
2020-11-09T19:10:34.894003+00:00,app[web.1]:,AB_TESTING:,C,1604949034755,0,0,pbdah
2020-11-09T19:10:43.184576+00:00,app[web.1]:,AB_TESTING:,B,1604949043040,0,0,pzkjslm
2020-11-09T19:10:46.609001+00:00,app[web.1]:,AB_TESTING:,B,1604949043040,1604949046467,mp4,pzkjslm
2020-11-09T19:10:47.237781+00:00,app[web.1]:,AB_TESTING:,B,1604949043040,1604949047101,mp3,pzkjslm
2020-11-09T19:10:47.653757+00:00,app[web.1]:,AB_TESTING:,B,1604949043040,1604949047509,mp3,pzkjslm
2020-11-09T19:10:47.922640+00:00,app[web.1]:,AB_TESTING:,B,1604949043040,1604949047787,mp3,pzkjslm
2020-11-09T19:10:48.277441+00:00,app[web.1]:,AB_TESTING:,B,1604949043040,1604949048141,mp3,pzkjslm
2020-11-09T19:10:48.548999+00:00,app[web.1]:,AB_TESTING:,B,1604949043040,1604949048408,mp3,pzkjslm
2020-11-09T19:10:48.828916+00:00,app[web.1]:,AB_TESTING:,B,1604949043040,1604949048683,mp3,pzkjslm
2020-11-09T19:10:49.097360+00:00,app[web.1]:,AB_TESTING:,B,1604949043040,1604949048963,mp3,pzkjslm
2020-11-09T19:10:49.524575+00:00,app[web.1]:,AB_TESTING:,B,1604949043040,1604949049391,mp4,pzkjslm
2020-11-09T19:10:49.794128+00:00,app[web.1]:,AB_TESTING:,B,1604949043040,1604949049656,mp4,pzkjslm
2020-11-09T19:10:50.135594+00:00,app[web.1]:,AB_TESTING:,B,1604949043040,1604949049997,mp4,pzkjslm
2020-11-09T19:10:50.408694+00:00,app[web.1]:,AB_TESTING:,B,1604949043040,1604949050274,mp4,pzkjslm
2020-11-09T19:10:50.748542+00:00,app[web.1]:,AB_TESTING:,B,1604949043040,1604949050609,mp4,pzkjslm
2020-11-09T19:10:51.403522+00:00,app[web.1]:,AB_TESTING:,C,1604949051262,0,0,pzkjslm
2020-11-09T19:10:53.106929+00:00,app[web.1]:,AB_TESTING:,B,1604949052968,0,0,pzkjslm
2020-11-09T19:11:00.275713+00:00,app[web.1]:,AB_TESTING:,A,1604949059892,0,0,noxnqf
2020-11-09T19:11:05.324606+00:00,app[web.1]:,AB_TESTING:,A,1604949059892,1604949065186,mp3,noxnqf
2020-11-09T19:11:05.852951+00:00,app[web.1]:,AB_TESTING:,A,1604949059892,1604949065683,mp3,noxnqf
2020-11-09T19:11:06.140676+00:00,app[web.1]:,AB_TESTING:,A,1604949059892,1604949065980,mp3,noxnqf
2020-11-09T19:11:07.265504+00:00,app[web.1]:,AB_TESTING:,A,1604949059892,1604949067124,mp4,noxnqf
2020-11-09T19:11:07.532619+00:00,app[web.1]:,AB_TESTING:,A,1604949059892,1604949067395,mp4,noxnqf
2020-11-09T19:11:07.903388+00:00,app[web.1]:,AB_TESTING:,A,1604949059892,1604949067768,mp4,noxnqf
2020-11-09T19:11:08.796593+00:00,app[web.1]:,AB_TESTING:,A,1604949059892,1604949068661,mp2,noxnqf
2020-11-09T19:11:09.107550+00:00,app[web.1]:,AB_TESTING:,A,1604949059892,1604949068974,mp2,noxnqf
2020-11-09T19:11:09.372576+00:00,app[web.1]:,AB_TESTING:,A,1604949059892,1604949069237,mp2,noxnqf
2020-11-09T19:11:09.715415+00:00,app[web.1]:,AB_TESTING:,A,1604949059892,1604949069578,mp2,noxnqf
2020-11-09T19:11:09.982947+00:00,app[web.1]:,AB_TESTING:,A,1604949059892,1604949069842,mp2,noxnqf
2020-11-09T19:11:10.271585+00:00,app[web.1]:,AB_TESTING:,A,1604949059892,1604949070136,mp2,noxnqf
2020-11-09T19:11:10.536505+00:00,app[web.1]:,AB_TESTING:,A,1604949059892,1604949070396,mp2,noxnqf
2020-11-09T19:11:10.797636+00:00,app[web.1]:,AB_TESTING:,A,1604949059892,1604949070663,mp2,noxnqf
2020-11-09T19:11:12.546813+00:00,app[web.1]:,AB_TESTING:,C,1604949072401,0,0,noxnqf
2020-11-09T19:11:32.248276+00:00,app[web.1]:,AB_TESTING:,B,1604949091919,0,0,ktgdbysoq
2020-11-09T19:11:34.590280+00:00,app[web.1]:,AB_TESTING:,B,1604949091919,1604949094442,mp4,ktgdbysoq
2020-11-09T19:11:34.948652+00:00,app[web.1]:,AB_TESTING:,B,1604949091919,1604949094802,mp4,ktgdbysoq
2020-11-09T19:11:35.229224+00:00,app[web.1]:,AB_TESTING:,B,1604949091919,1604949095083,mp4,ktgdbysoq
2020-11-09T19:11:36.411803+00:00,app[web.1]:,AB_TESTING:,B,1604949091919,1604949096265,mp2,ktgdbysoq
2020-11-09T19:11:37.098854+00:00,app[web.1]:,AB_TESTING:,B,1604949091919,1604949096956,mp2,ktgdbysoq
2020-11-09T19:11:37.692554+00:00,app[web.1]:,AB_TESTING:,B,1604949091919,1604949097551,mp2,ktgdbysoq
2020-11-09T19:11:39.291855+00:00,app[web.1]:,AB_TESTING:,B,1604949091919,1604949099145,mp4,ktgdbysoq
2020-11-09T19:11:40.312173+00:00,app[web.1]:,AB_TESTING:,B,1604949091919,1604949100163,mp3,ktgdbysoq
2020-11-09T19:11:41.360097+00:00,app[web.1]:,AB_TESTING:,B,1604949091919,1604949101217,mp4,ktgdbysoq
2020-11-09T19:11:41.671516+00:00,app[web.1]:,AB_TESTING:,B,1604949091919,1604949101528,mp4,ktgdbysoq
2020-11-09T19:11:41.953578+00:00,app[web.1]:,AB_TESTING:,B,1604949091919,1604949101809,mp4,ktgdbysoq
2020-11-09T19:11:43.286005+00:00,app[web.1]:,AB_TESTING:,C,1604949103135,0,0,ktgdbysoq
2020-11-09T19:11:45.333220+00:00,app[web.1]:,AB_TESTING:,B,1604949105190,0,0,ktgdbysoq
2020-11-09T19:22:19.638974+00:00,app[web.1]:,AB_TESTING:,B,1604949739319,0,0,mwghuz
2020-11-09T19:22:21.799006+00:00,app[web.1]:,AB_TESTING:,B,1604949739319,1604949741656,mp4,mwghuz
2020-11-09T19:22:22.074523+00:00,app[web.1]:,AB_TESTING:,B,1604949739319,1604949741936,mp4,mwghuz
2020-11-09T19:22:22.365011+00:00,app[web.1]:,AB_TESTING:,B,1604949739319,1604949742219,mp4,mwghuz
2020-11-09T19:22:22.725807+00:00,app[web.1]:,AB_TESTING:,B,1604949739319,1604949742586,mp4,mwghuz
2020-11-09T19:22:23.490108+00:00,app[web.1]:,AB_TESTING:,B,1604949739319,1604949743343,mp4,mwghuz
2020-11-09T19:22:23.804268+00:00,app[web.1]:,AB_TESTING:,B,1604949739319,1604949743663,mp4,mwghuz
2020-11-09T19:22:25.122020+00:00,app[web.1]:,AB_TESTING:,C,1604949744968,0,0,mwghuz
2020-11-09T19:22:27.635097+00:00,app[web.1]:,AB_TESTING:,B,1604949747493,0,0,mwghuz
2020-11-09T19:22:38.721817+00:00,app[web.1]:,AB_TESTING:,B,1604949755531,0,0,fnthq
2020-11-09T19:22:41.429652+00:00,app[web.1]:,AB_TESTING:,B,1604949755531,1604949761281,mp2,fnthq
2020-11-09T19:22:42.160811+00:00,app[web.1]:,AB_TESTING:,B,1604949755531,1604949762014,mp3,fnthq
2020-11-09T19:22:42.983403+00:00,app[web.1]:,AB_TESTING:,B,1604949755531,1604949762836,mp4,fnthq
2020-11-09T19:22:43.352719+00:00,app[web.1]:,AB_TESTING:,B,1604949755531,1604949763206,mp4,fnthq
2020-11-09T19:22:44.371024+00:00,app[web.1]:,AB_TESTING:,B,1604949755531,1604949764218,mp2,fnthq
2020-11-09T19:22:46.294280+00:00,app[web.1]:,AB_TESTING:,C,1604949766149,0,0,fnthq
2020-11-09T19:22:49.240539+00:00,app[web.1]:,AB_TESTING:,B,1604949769095,0,0,fnthq
2020-11-09T19:22:50.345097+00:00,app[web.1]:,AB_TESTING:,B,1604949769095,1604949770200,mp4,fnthq
2020-11-09T19:22:51.495823+00:00,app[web.1]:,AB_TESTING:,C,1604949771353,0,0,fnthq